Workbook

Sheet Kontrol Dokumen
A1: Technical Ticket / Incident Register
A2: PT Strategi Integrasi Nusantara (SINUX) · Divisi Operation
A4: Nomor dokumen | B4: SNX-OPS-FRM-08
A5: Judul | B5: Technical Ticket / Incident Register
A6: Revisi | B6: 00 (Draft)
A7: Tanggal draft | B7: 13 Oktober 2026
A8: Tanggal efektif | B8: Ditetapkan saat pengesahan
A9: Klasifikasi | B9: RESTRICTED (Internal)
A10: Pemilik dokumen | B10: Lead NOC
A11: Disetujui oleh | B11: Samuel Kristanto Utomo / President Director
A12: Acuan ISO 9001:2015 | B12: Klausul 8.5.1, 8.7, 9.1.1
A13: Acuan ISO/IEC 27001:2022 | B13: Kontrol Annex A 5.25, 5.26
A14: Masa simpan record | B14: 3 tahun
A15: Tujuan | B15: Register semua ticket teknis dan insiden, berisi waktu Ack dan pemulihan, status SLA, serta tautan RCA, sesuai SNX-OPS-SOP-04.
A17: Cara pakai
A18: 1. | B18: Ticket Ops dibuat di Zammad (Nusagrid), sedangkan ticket generalist dibuat di Service Hub GLPI; pembagian ini masih menunggu keputusan owner (USULAN). Register ini adalah rekap audit. Ekspor dari ticketing system boleh ditempel di sheet Register dengan kolom yang sama.
A19: 2. | B19: Isi Severity terlebih dahulu, lalu isi waktu dengan format tanggal dan jam (WIB).
A20: 3. | B20: Respon (Dilaporkan sampai Ack), durasi pulih (Dilaporkan sampai Pulih), dan status SLA dihitung otomatis berdasarkan sheet Target Severity.
A21: 4. | B21: Kolom RCA wajib otomatis bernilai Ya untuk P1 dan P2. Isi nomor RCA dari SNX-OPS-FRM-10.
A23: Legenda warna
B24: Sel input: diisi pengguna
B25: Biru muda: warna baris contoh, sudah dikosongkan dan tidak dipakai
B26: Sel rumus: jangan diubah
A28: Riwayat revisi
A29: Revisi | B29: Tanggal | C29: Uraian perubahan | D29: Disusun | E29: Disetujui
A30: 00 | B30: 13 Oktober 2026 | C30: Draft awal untuk review dan pengesahan | D30: Divisi Operation | E30: Menunggu
A33: Pengesahan
A34: Peran | B34: Nama dan jabatan | C34: Tanda tangan | D34: Tanggal
A35: Disusun oleh | B35: Erik Dwi Yanto / Technical/Operation Engineer L1
A36: Diperiksa oleh | B36: Fani Fatullah / VP Tech Operation and Services
A37: Disetujui oleh | B37: Samuel Kristanto Utomo / President Director

Sheet Alur Proses
A1: Diagram alur proses
A2: Kotak biru = output akhir · kotak oranye = cabang ke tindakan atau prosedur lain · garis putus-putus = kembali ke alur utama

Sheet Target Severity
A1: Target respon dan pemulihan per severity
A2: Target Ack dan update berasal dari SNX-OPS-SOP-04. Target pemulihan adalah USULAN internal, sedangkan komitmen ke pelanggan mengikuti kontrak. Untuk penyederhanaan, jam kerja dihitung sebagai jam kalender.
A4: Severity | B4: Ack (menit) | C4: Update tiap (menit) | D4: Target pulih (jam), USULAN
A5: P1 | B5: 15 | C5: 60 | D5: 4
A6: P2 | B6: 30 | C6: 180 | D6: 8
A7: P3 | B7: 120 | C7: 1440 | D7: 24
A8: P4 | B8: 1440 | C8: Saat selesai | D8: 72

Sheet Daftar
A1: Ticketing system | B1: Kanal | C1: Kelas | D1: Severity | E1: Status
A2: Zammad | B2: WhatsApp | C2: Akses, firewall, VPN | D2: P1 | E2: Terbuka
A3: Service Hub GLPI | B3: Telepon | C3: VM lifecycle | D3: P2 | E3: Ditangani
B4: Email | C4: Down atau performa | D4: P3 | E4: Menunggu pelanggan
B5: Monitoring | C5: OTP atau email | D5: P4 | E5: Pulih
B6: Portal | C6: Backup atau snapshot | E6: Ditutup
B7: Internal | C7: SSL atau DNS
C8: DC atau colo
C9: Billing
C10: Keamanan (ke SOC)

Sheet Register
A1: Technical ticket and incident register
A2: Kolom abu-abu terisi otomatis. Ticket kelas Keamanan diserahkan ke SOC, dan insidennya dicatat di SNX-ISMS-FRM-02. Ticket tanpa waktu Ack atau Pulih belum dihitung dalam persentase di sheet Ringkasan.
A4: No tiket | B4: Ticketing system | C4: Pelanggan | D4: Layanan | E4: Kanal | F4: Kelas triage | G4: Severity | H4: Uraian | I4: Dilaporkan | J4: Ack | K4: Pulih | L4: Ditutup | M4: PIC | N4: Eskalasi ke | O4: Akar ringkas | P4: RCA wajib | Q4: No RCA | R4: Status | S4: Respon (menit) | T4: Durasi pulih (jam) | U4: Ack sesuai target | V4: Pulih sesuai target | W4: Catatan
P5: =IF(G5="","",IF(OR(G5="P1",G5="P2"),"Ya","Tidak")) | S5: =IF(OR(I5="",J5=""),"",ROUND((J5-I5)*1440,0)) | T5: =IF(OR(I5="",K5=""),"",ROUND((K5-I5)*24,1)) | U5: =IF(S5="","",IF(S5<=INDEX('Target Severity'!$B$5:$B$8,MATCH(G5,'Target Severity'!$A$5:$A$8,0)),"Ya","Tidak")) | V5: =IF(T5="","",IF(T5<=INDEX('Target Severity'!$D$5:$D$8,MATCH(G5,'Target Severity'!$A$5:$A$8,0)),"Ya","Tidak"))
P6: =IF(G6="","",IF(OR(G6="P1",G6="P2"),"Ya","Tidak")) | S6: =IF(OR(I6="",J6=""),"",ROUND((J6-I6)*1440,0)) | T6: =IF(OR(I6="",K6=""),"",ROUND((K6-I6)*24,1)) | U6: =IF(S6="","",IF(S6<=INDEX('Target Severity'!$B$5:$B$8,MATCH(G6,'Target Severity'!$A$5:$A$8,0)),"Ya","Tidak")) | V6: =IF(T6="","",IF(T6<=INDEX('Target Severity'!$D$5:$D$8,MATCH(G6,'Target Severity'!$A$5:$A$8,0)),"Ya","Tidak"))
P7: =IF(G7="","",IF(OR(G7="P1",G7="P2"),"Ya","Tidak")) | S7: =IF(OR(I7="",J7=""),"",ROUND((J7-I7)*1440,0)) | T7: =IF(OR(I7="",K7=""),"",ROUND((K7-I7)*24,1)) | U7: =IF(S7="","",IF(S7<=INDEX('Target Severity'!$B$5:$B$8,MATCH(G7,'Target Severity'!$A$5:$A$8,0)),"Ya","Tidak")) | V7: =IF(T7="","",IF(T7<=INDEX('Target Severity'!$D$5:$D$8,MATCH(G7,'Target Severity'!$A$5:$A$8,0)),"Ya","Tidak"))
P8: =IF(G8="","",IF(OR(G8="P1",G8="P2"),"Ya","Tidak")) | S8: =IF(OR(I8="",J8=""),"",ROUND((J8-I8)*1440,0)) | T8: =IF(OR(I8="",K8=""),"",ROUND((K8-I8)*24,1)) | U8: =IF(S8="","",IF(S8<=INDEX('Target Severity'!$B$5:$B$8,MATCH(G8,'Target Severity'!$A$5:$A$8,0)),"Ya","Tidak")) | V8: =IF(T8="","",IF(T8<=INDEX('Target Severity'!$D$5:$D$8,MATCH(G8,'Target Severity'!$A$5:$A$8,0)),"Ya","Tidak"))
P9: =IF(G9="","",IF(OR(G9="P1",G9="P2"),"Ya","Tidak")) | S9: =IF(OR(I9="",J9=""),"",ROUND((J9-I9)*1440,0)) | T9: =IF(OR(I9="",K9=""),"",ROUND((K9-I9)*24,1)) | U9: =IF(S9="","",IF(S9<=INDEX('Target Severity'!$B$5:$B$8,MATCH(G9,'Target Severity'!$A$5:$A$8,0)),"Ya","Tidak")) | V9: =IF(T9="","",IF(T9<=INDEX('Target Severity'!$D$5:$D$8,MATCH(G9,'Target Severity'!$A$5:$A$8,0)),"Ya","Tidak"))
P10: =IF(G10="","",IF(OR(G10="P1",G10="P2"),"Ya","Tidak")) | S10: =IF(OR(I10="",J10=""),"",ROUND((J10-I10)*1440,0)) | T10: =IF(OR(I10="",K10=""),"",ROUND((K10-I10)*24,1)) | U10: =IF(S10="","",IF(S10<=INDEX('Target Severity'!$B$5:$B$8,MATCH(G10,'Target Severity'!$A$5:$A$8,0)),"Ya","Tidak")) | V10: =IF(T10="","",IF(T10<=INDEX('Target Severity'!$D$5:$D$8,MATCH(G10,'Target Severity'!$A$5:$A$8,0)),"Ya","Tidak"))
P11: =IF(G11="","",IF(OR(G11="P1",G11="P2"),"Ya","Tidak")) | S11: =IF(OR(I11="",J11=""),"",ROUND((J11-I11)*1440,0)) | T11: =IF(OR(I11="",K11=""),"",ROUND((K11-I11)*24,1)) | U11: =IF(S11="","",IF(S11<=INDEX('Target Severity'!$B$5:$B$8,MATCH(G11,'Target Severity'!$A$5:$A$8,0)),"Ya","Tidak")) | V11: =IF(T11="","",IF(T11<=INDEX('Target Severity'!$D$5:$D$8,MATCH(G11,'Target Severity'!$A$5:$A$8,0)),"Ya","Tidak"))
P12: =IF(G12="","",IF(OR(G12="P1",G12="P2"),"Ya","Tidak")) | S12: =IF(OR(I12="",J12=""),"",ROUND((J12-I12)*1440,0)) | T12: =IF(OR(I12="",K12=""),"",ROUND((K12-I12)*24,1)) | U12: =IF(S12="","",IF(S12<=INDEX('Target Severity'!$B$5:$B$8,MATCH(G12,'Target Severity'!$A$5:$A$8,0)),"Ya","Tidak")) | V12: =IF(T12="","",IF(T12<=INDEX('Target Severity'!$D$5:$D$8,MATCH(G12,'Target Severity'!$A$5:$A$8,0)),"Ya","Tidak"))
P13: =IF(G13="","",IF(OR(G13="P1",G13="P2"),"Ya","Tidak")) | S13: =IF(OR(I13="",J13=""),"",ROUND((J13-I13)*1440,0)) | T13: =IF(OR(I13="",K13=""),"",ROUND((K13-I13)*24,1)) | U13: =IF(S13="","",IF(S13<=INDEX('Target Severity'!$B$5:$B$8,MATCH(G13,'Target Severity'!$A$5:$A$8,0)),"Ya","Tidak")) | V13: =IF(T13="","",IF(T13<=INDEX('Target Severity'!$D$5:$D$8,MATCH(G13,'Target Severity'!$A$5:$A$8,0)),"Ya","Tidak"))
P14: =IF(G14="","",IF(OR(G14="P1",G14="P2"),"Ya","Tidak")) | S14: =IF(OR(I14="",J14=""),"",ROUND((J14-I14)*1440,0)) | T14: =IF(OR(I14="",K14=""),"",ROUND((K14-I14)*24,1)) | U14: =IF(S14="","",IF(S14<=INDEX('Target Severity'!$B$5:$B$8,MATCH(G14,'Target Severity'!$A$5:$A$8,0)),"Ya","Tidak")) | V14: =IF(T14="","",IF(T14<=INDEX('Target Severity'!$D$5:$D$8,MATCH(G14,'Target Severity'!$A$5:$A$8,0)),"Ya","Tidak"))
P15: =IF(G15="","",IF(OR(G15="P1",G15="P2"),"Ya","Tidak")) | S15: =IF(OR(I15="",J15=""),"",ROUND((J15-I15)*1440,0)) | T15: =IF(OR(I15="",K15=""),"",ROUND((K15-I15)*24,1)) | U15: =IF(S15="","",IF(S15<=INDEX('Target Severity'!$B$5:$B$8,MATCH(G15,'Target Severity'!$A$5:$A$8,0)),"Ya","Tidak")) | V15: =IF(T15="","",IF(T15<=INDEX('Target Severity'!$D$5:$D$8,MATCH(G15,'Target Severity'!$A$5:$A$8,0)),"Ya","Tidak"))
P16: =IF(G16="","",IF(OR(G16="P1",G16="P2"),"Ya","Tidak")) | S16: =IF(OR(I16="",J16=""),"",ROUND((J16-I16)*1440,0)) | T16: =IF(OR(I16="",K16=""),"",ROUND((K16-I16)*24,1)) | U16: =IF(S16="","",IF(S16<=INDEX('Target Severity'!$B$5:$B$8,MATCH(G16,'Target Severity'!$A$5:$A$8,0)),"Ya","Tidak")) | V16: =IF(T16="","",IF(T16<=INDEX('Target Severity'!$D$5:$D$8,MATCH(G16,'Target Severity'!$A$5:$A$8,0)),"Ya","Tidak"))
... P305: =IF(G305="","",IF(OR(G305="P1",G305="P2"),"Ya","Tidak")) | S305: =IF(OR(I305="",J305=""),"",ROUND((J305-I305)*1440,0)) | T305: =IF(OR(I305="",K305=""),"",ROUND((K305-I305)*24,1)) | U305: =IF(S305="","",IF(S305<=INDEX('Target Severity'!$B$5:$B$8,MATCH(G305,'Target Severity'!$A$5:$A$8,0)),"Ya","Tidak")) | V305: =IF(T305="","",IF(T305<=INDEX('Target Severity'!$D$5:$D$8,MATCH(G305,'Target Severity'!$A$5:$A$8,0)),"Ya","Tidak"))

Sheet Ringkasan
A1: Ringkasan ticket per periode
A3: Periode mulai | B3: 46327
A4: Periode akhir | B4: 46356
A6: Severity | B6: Jumlah tiket | C6: Ack sesuai target | D6: Ack sesuai target (%) | E6: Pulih sesuai target | F6: Pulih sesuai target (%) | G6: RCA wajib tanpa nomor RCA
A7: P1 | B7: =COUNTIFS(Register!$G$5:$G$305,A7,Register!$I$5:$I$305,">="&$B$3,Register!$I$5:$I$305,"<"&($B$4+1)) | C7: =COUNTIFS(Register!$G$5:$G$305,A7,Register!$U$5:$U$305,"Ya",Register!$I$5:$I$305,">="&$B$3,Register!$I$5:$I$305,"<"&($B$4+1)) | D7: =IF(COUNTIFS(Register!$G$5:$G$305,A7,Register!$U$5:$U$305,"Ya",Register!$I$5:$I$305,">="&$B$3,Register!$I$5:$I$305,"<"&($B$4+1))+COUNTIFS(Register!$G$5:$G$305,A7,Register!$U$5:$U$305,"Tidak",Register!$I$5:$I$305,">="&$B$3,Register!$I$5:$I$305,"<"&($B$4+1))=0,"",C7/(COUNTIFS(Register!$G$5:$G$305,A7,Register!$U$5:$U$305,"Ya",Register!$I$5:$I$305,">="&$B$3,Register!$I$5:$I$305,"<"&($B$4+1))+COUNTIFS(Register!$G$5:$G$305,A7,Register!$U$5:$U$305,"Tidak",Register!$I$5:$I$305,">="&$B$3,Register!$I$5:$I$305,"<"&($B$4+1)))) | E7: =COUNTIFS(Register!$G$5:$G$305,A7,Register!$V$5:$V$305,"Ya",Register!$I$5:$I$305,">="&$B$3,Register!$I$5:$I$305,"<"&($B$4+1)) | F7: =IF(COUNTIFS(Register!$G$5:$G$305,A7,Register!$V$5:$V$305,"Ya",Register!$I$5:$I$305,">="&$B$3,Register!$I$5:$I$305,"<"&($B$4+1))+COUNTIFS(Register!$G$5:$G$305,A7,Register!$V$5:$V$305,"Tidak",Register!$I$5:$I$305,">="&$B$3,Register!$I$5:$I$305,"<"&($B$4+1))=0,"",E7/(COUNTIFS(Register!$G$5:$G$305,A7,Register!$V$5:$V$305,"Ya",Register!$I$5:$I$305,">="&$B$3,Register!$I$5:$I$305,"<"&($B$4+1))+COUNTIFS(Register!$G$5:$G$305,A7,Register!$V$5:$V$305,"Tidak",Register!$I$5:$I$305,">="&$B$3,Register!$I$5:$I$305,"<"&($B$4+1)))) | G7: =COUNTIFS(Register!$G$5:$G$305,A7,Register!$P$5:$P$305,"Ya",Register!$Q$5:$Q$305,"",Register!$I$5:$I$305,">="&$B$3,Register!$I$5:$I$305,"<"&($B$4+1))
A8: P2 | B8: =COUNTIFS(Register!$G$5:$G$305,A8,Register!$I$5:$I$305,">="&$B$3,Register!$I$5:$I$305,"<"&($B$4+1)) | C8: =COUNTIFS(Register!$G$5:$G$305,A8,Register!$U$5:$U$305,"Ya",Register!$I$5:$I$305,">="&$B$3,Register!$I$5:$I$305,"<"&($B$4+1)) | D8: =IF(COUNTIFS(Register!$G$5:$G$305,A8,Register!$U$5:$U$305,"Ya",Register!$I$5:$I$305,">="&$B$3,Register!$I$5:$I$305,"<"&($B$4+1))+COUNTIFS(Register!$G$5:$G$305,A8,Register!$U$5:$U$305,"Tidak",Register!$I$5:$I$305,">="&$B$3,Register!$I$5:$I$305,"<"&($B$4+1))=0,"",C8/(COUNTIFS(Register!$G$5:$G$305,A8,Register!$U$5:$U$305,"Ya",Register!$I$5:$I$305,">="&$B$3,Register!$I$5:$I$305,"<"&($B$4+1))+COUNTIFS(Register!$G$5:$G$305,A8,Register!$U$5:$U$305,"Tidak",Register!$I$5:$I$305,">="&$B$3,Register!$I$5:$I$305,"<"&($B$4+1)))) | E8: =COUNTIFS(Register!$G$5:$G$305,A8,Register!$V$5:$V$305,"Ya",Register!$I$5:$I$305,">="&$B$3,Register!$I$5:$I$305,"<"&($B$4+1)) | F8: =IF(COUNTIFS(Register!$G$5:$G$305,A8,Register!$V$5:$V$305,"Ya",Register!$I$5:$I$305,">="&$B$3,Register!$I$5:$I$305,"<"&($B$4+1))+COUNTIFS(Register!$G$5:$G$305,A8,Register!$V$5:$V$305,"Tidak",Register!$I$5:$I$305,">="&$B$3,Register!$I$5:$I$305,"<"&($B$4+1))=0,"",E8/(COUNTIFS(Register!$G$5:$G$305,A8,Register!$V$5:$V$305,"Ya",Register!$I$5:$I$305,">="&$B$3,Register!$I$5:$I$305,"<"&($B$4+1))+COUNTIFS(Register!$G$5:$G$305,A8,Register!$V$5:$V$305,"Tidak",Register!$I$5:$I$305,">="&$B$3,Register!$I$5:$I$305,"<"&($B$4+1)))) | G8: =COUNTIFS(Register!$G$5:$G$305,A8,Register!$P$5:$P$305,"Ya",Register!$Q$5:$Q$305,"",Register!$I$5:$I$305,">="&$B$3,Register!$I$5:$I$305,"<"&($B$4+1))
A9: P3 | B9: =COUNTIFS(Register!$G$5:$G$305,A9,Register!$I$5:$I$305,">="&$B$3,Register!$I$5:$I$305,"<"&($B$4+1)) | C9: =COUNTIFS(Register!$G$5:$G$305,A9,Register!$U$5:$U$305,"Ya",Register!$I$5:$I$305,">="&$B$3,Register!$I$5:$I$305,"<"&($B$4+1)) | D9: =IF(COUNTIFS(Register!$G$5:$G$305,A9,Register!$U$5:$U$305,"Ya",Register!$I$5:$I$305,">="&$B$3,Register!$I$5:$I$305,"<"&($B$4+1))+COUNTIFS(Register!$G$5:$G$305,A9,Register!$U$5:$U$305,"Tidak",Register!$I$5:$I$305,">="&$B$3,Register!$I$5:$I$305,"<"&($B$4+1))=0,"",C9/(COUNTIFS(Register!$G$5:$G$305,A9,Register!$U$5:$U$305,"Ya",Register!$I$5:$I$305,">="&$B$3,Register!$I$5:$I$305,"<"&($B$4+1))+COUNTIFS(Register!$G$5:$G$305,A9,Register!$U$5:$U$305,"Tidak",Register!$I$5:$I$305,">="&$B$3,Register!$I$5:$I$305,"<"&($B$4+1)))) | E9: =COUNTIFS(Register!$G$5:$G$305,A9,Register!$V$5:$V$305,"Ya",Register!$I$5:$I$305,">="&$B$3,Register!$I$5:$I$305,"<"&($B$4+1)) | F9: =IF(COUNTIFS(Register!$G$5:$G$305,A9,Register!$V$5:$V$305,"Ya",Register!$I$5:$I$305,">="&$B$3,Register!$I$5:$I$305,"<"&($B$4+1))+COUNTIFS(Register!$G$5:$G$305,A9,Register!$V$5:$V$305,"Tidak",Register!$I$5:$I$305,">="&$B$3,Register!$I$5:$I$305,"<"&($B$4+1))=0,"",E9/(COUNTIFS(Register!$G$5:$G$305,A9,Register!$V$5:$V$305,"Ya",Register!$I$5:$I$305,">="&$B$3,Register!$I$5:$I$305,"<"&($B$4+1))+COUNTIFS(Register!$G$5:$G$305,A9,Register!$V$5:$V$305,"Tidak",Register!$I$5:$I$305,">="&$B$3,Register!$I$5:$I$305,"<"&($B$4+1)))) | G9: =COUNTIFS(Register!$G$5:$G$305,A9,Register!$P$5:$P$305,"Ya",Register!$Q$5:$Q$305,"",Register!$I$5:$I$305,">="&$B$3,Register!$I$5:$I$305,"<"&($B$4+1))
A10: P4 | B10: =COUNTIFS(Register!$G$5:$G$305,A10,Register!$I$5:$I$305,">="&$B$3,Register!$I$5:$I$305,"<"&($B$4+1)) | C10: =COUNTIFS(Register!$G$5:$G$305,A10,Register!$U$5:$U$305,"Ya",Register!$I$5:$I$305,">="&$B$3,Register!$I$5:$I$305,"<"&($B$4+1)) | D10: =IF(COUNTIFS(Register!$G$5:$G$305,A10,Register!$U$5:$U$305,"Ya",Register!$I$5:$I$305,">="&$B$3,Register!$I$5:$I$305,"<"&($B$4+1))+COUNTIFS(Register!$G$5:$G$305,A10,Register!$U$5:$U$305,"Tidak",Register!$I$5:$I$305,">="&$B$3,Register!$I$5:$I$305,"<"&($B$4+1))=0,"",C10/(COUNTIFS(Register!$G$5:$G$305,A10,Register!$U$5:$U$305,"Ya",Register!$I$5:$I$305,">="&$B$3,Register!$I$5:$I$305,"<"&($B$4+1))+COUNTIFS(Register!$G$5:$G$305,A10,Register!$U$5:$U$305,"Tidak",Register!$I$5:$I$305,">="&$B$3,Register!$I$5:$I$305,"<"&($B$4+1)))) | E10: =COUNTIFS(Register!$G$5:$G$305,A10,Register!$V$5:$V$305,"Ya",Register!$I$5:$I$305,">="&$B$3,Register!$I$5:$I$305,"<"&($B$4+1)) | F10: =IF(COUNTIFS(Register!$G$5:$G$305,A10,Register!$V$5:$V$305,"Ya",Register!$I$5:$I$305,">="&$B$3,Register!$I$5:$I$305,"<"&($B$4+1))+COUNTIFS(Register!$G$5:$G$305,A10,Register!$V$5:$V$305,"Tidak",Register!$I$5:$I$305,">="&$B$3,Register!$I$5:$I$305,"<"&($B$4+1))=0,"",E10/(COUNTIFS(Register!$G$5:$G$305,A10,Register!$V$5:$V$305,"Ya",Register!$I$5:$I$305,">="&$B$3,Register!$I$5:$I$305,"<"&($B$4+1))+COUNTIFS(Register!$G$5:$G$305,A10,Register!$V$5:$V$305,"Tidak",Register!$I$5:$I$305,">="&$B$3,Register!$I$5:$I$305,"<"&($B$4+1)))) | G10: =COUNTIFS(Register!$G$5:$G$305,A10,Register!$P$5:$P$305,"Ya",Register!$Q$5:$Q$305,"",Register!$I$5:$I$305,">="&$B$3,Register!$I$5:$I$305,"<"&($B$4+1))
A11: P1 dan P2 di-ack sesuai target (KPI 95%) | D11: =IF(B7+B8=0,"",(C7+C8)/(COUNTIFS(Register!$G$5:$G$305,"P1",Register!$U$5:$U$305,"Ya",Register!$I$5:$I$305,">="&$B$3,Register!$I$5:$I$305,"<"&($B$4+1))+COUNTIFS(Register!$G$5:$G$305,"P1",Register!$U$5:$U$305,"Tidak",Register!$I$5:$I$305,">="&$B$3,Register!$I$5:$I$305,"<"&($B$4+1))+COUNTIFS(Register!$G$5:$G$305,"P2",Register!$U$5:$U$305,"Ya",Register!$I$5:$I$305,">="&$B$3,Register!$I$5:$I$305,"<"&($B$4+1))+COUNTIFS(Register!$G$5:$G$305,"P2",Register!$U$5:$U$305,"Tidak",Register!$I$5:$I$305,">="&$B$3,Register!$I$5:$I$305,"<"&($B$4+1))))
