Workbook

Sheet Kontrol Dokumen
A1: SLA Performance Monitoring Report
A2: PT Strategi Integrasi Nusantara (SINUX) · Divisi Operation
A4: Nomor dokumen | B4: SNX-OPS-FRM-09
A5: Judul | B5: SLA Performance Monitoring Report
A6: Revisi | B6: 00 (Draft)
A7: Tanggal draft | B7: 13 Oktober 2026
A8: Tanggal efektif | B8: Ditetapkan saat pengesahan
A9: Klasifikasi | B9: RESTRICTED (Internal)
A10: Pemilik dokumen | B10: Service Delivery Manager
A11: Disetujui oleh | B11: Samuel Kristanto Utomo / President Director
A12: Acuan ISO 9001:2015 | B12: Klausul 9.1.1, 9.1.2, 9.1.3
A13: Acuan ISO/IEC 27001:2022 | B13: Kontrol Annex A 8.16
A14: Masa simpan record | B14: 3 tahun
A15: Tujuan | B15: Parameter SLA per pelanggan, log downtime, dan laporan availability bulanan sesuai SNX-OPS-SOP-05.
A17: Cara pakai
A18: 1. | B18: Daftarkan setiap layanan ber-SLA di sheet Parameter SLA saat onboarding.
A19: 2. | B19: Catat setiap downtime di Downtime Log. Isi kolom Dihitung dengan "Tidak" hanya jika ada bukti notifikasi maintenance atau pengecualian kontrak.
A20: 3. | B20: Pilih bulan laporan di sel B3 sheet Laporan Bulanan. Availability, status, dan sisa anggaran downtime terisi otomatis.
A21: 4. | B21: Isi data respons ticket dari ringkasan SNX-OPS-FRM-08.
A22: 5. | B22: Kirim laporan ke pelanggan paling lambat hari kerja ke-5.
A24: Legenda warna
B25: Sel input: diisi pengguna
B26: Biru muda: warna baris contoh, sudah dikosongkan dan tidak dipakai
B27: Sel rumus: jangan diubah
A29: Riwayat revisi
A30: Revisi | B30: Tanggal | C30: Uraian perubahan | D30: Disusun | E30: Disetujui
A31: 00 | B31: 13 Oktober 2026 | C31: Draft awal untuk review dan pengesahan | D31: Divisi Operation | E31: Menunggu
A34: Pengesahan
A35: Peran | B35: Nama dan jabatan | C35: Tanda tangan | D35: Tanggal
A36: Disusun oleh | B36: Erik Dwi Yanto / Technical/Operation Engineer L1
A37: Diperiksa oleh | B37: Fani Fatullah / VP Tech Operation and Services
A38: Disetujui oleh | B38: Samuel Kristanto Utomo / President Director

Sheet Alur Proses
A1: Diagram alur proses
A2: Kotak biru = output akhir · kotak oranye = cabang ke tindakan atau prosedur lain · garis putus-putus = kembali ke alur utama

Sheet Daftar
A1: Dihitung | B1: Penyebab
A2: Ya | B2: Platform SINUX
A3: Tidak | B3: Upstream atau supplier
B4: Network
B5: Maintenance terjadwal
B6: Pelanggan atau app-level
B7: Keamanan
B8: Lainnya

Sheet Parameter SLA
A1: Parameter SLA per layanan
A2: Target availability ditulis dalam persen (0.999 = 99.9%). Kombinasi Pelanggan dan Layanan harus unik. Availability dihitung dari menit kalender penuh; kolom Jam layanan dan Pengecualian kontrak tidak masuk rumus.
A4: ID | B4: Pelanggan | C4: Layanan | D4: Target availability | E4: Jam layanan | F4: Pengecualian kontrak | G4: Periode laporan | H4: PIC penerima laporan | I4: Catatan

Sheet Downtime Log
A1: Log downtime
A2: Durasi dihitung otomatis dalam menit. Tulis Pelanggan dan Layanan persis seperti di Parameter SLA; jika berbeda, downtime tidak terhitung di Laporan Bulanan. Downtime lintas bulan masuk seluruhnya ke bulan Mulai.
A4: Tanggal | B4: Pelanggan | C4: Layanan | D4: Mulai | E4: Pulih | F4: Durasi (menit) | G4: Dihitung | H4: Penyebab | I4: Alasan pengecualian | J4: Ref tiket atau CR | K4: Catatan
F5: =IF(OR(D5="",E5=""),"",ROUND((E5-D5)*1440,0))
F6: =IF(OR(D6="",E6=""),"",ROUND((E6-D6)*1440,0))
F7: =IF(OR(D7="",E7=""),"",ROUND((E7-D7)*1440,0))
F8: =IF(OR(D8="",E8=""),"",ROUND((E8-D8)*1440,0))
F9: =IF(OR(D9="",E9=""),"",ROUND((E9-D9)*1440,0))
F10: =IF(OR(D10="",E10=""),"",ROUND((E10-D10)*1440,0))
F11: =IF(OR(D11="",E11=""),"",ROUND((E11-D11)*1440,0))
F12: =IF(OR(D12="",E12=""),"",ROUND((E12-D12)*1440,0))
F13: =IF(OR(D13="",E13=""),"",ROUND((E13-D13)*1440,0))
F14: =IF(OR(D14="",E14=""),"",ROUND((E14-D14)*1440,0))
F15: =IF(OR(D15="",E15=""),"",ROUND((E15-D15)*1440,0))
F16: =IF(OR(D16="",E16=""),"",ROUND((E16-D16)*1440,0))
... F206: =IF(OR(D206="",E206=""),"",ROUND((E206-D206)*1440,0))

Sheet Laporan Bulanan
A1: Laporan kinerja SLA bulanan
A3: Bulan laporan (tanggal 1) | B3: 46327
A4: Akhir bulan | B4: =EOMONTH(B3,0)
A5: Menit dalam periode | B5: =DAY(B4)*1440
A7: Pelanggan | B7: Layanan | C7: Target | D7: Downtime dihitung (menit) | E7: Availability | F7: Status | G7: Anggaran downtime (menit) | H7: Sisa anggaran (menit) | I7: Tiket P1 dan P2 | J7: Di-ack sesuai target | K7: Response SLA | L7: Catatan dan tindakan
A8: =IF('Parameter SLA'!B5="","",'Parameter SLA'!B5) | B8: =IF('Parameter SLA'!C5="","",'Parameter SLA'!C5) | C8: =IF('Parameter SLA'!D5="","",'Parameter SLA'!D5) | D8: =IF(A8="","",SUMIFS('Downtime Log'!$F$5:$F$206,'Downtime Log'!$B$5:$B$206,A8,'Downtime Log'!$C$5:$C$206,B8,'Downtime Log'!$G$5:$G$206,"Ya",'Downtime Log'!$D$5:$D$206,">="&$B$3,'Downtime Log'!$D$5:$D$206,"<"&($B$4+1))) | E8: =IF(A8="","",1-D8/$B$5) | F8: =IF(A8="","",IF(E8>=C8,"Tercapai","Breach")) | G8: =IF(A8="","",ROUND($B$5*(1-C8),1)) | H8: =IF(A8="","",G8-D8) | K8: =IF(OR(I8="",I8=0),"",J8/I8)
A9: =IF('Parameter SLA'!B6="","",'Parameter SLA'!B6) | B9: =IF('Parameter SLA'!C6="","",'Parameter SLA'!C6) | C9: =IF('Parameter SLA'!D6="","",'Parameter SLA'!D6) | D9: =IF(A9="","",SUMIFS('Downtime Log'!$F$5:$F$206,'Downtime Log'!$B$5:$B$206,A9,'Downtime Log'!$C$5:$C$206,B9,'Downtime Log'!$G$5:$G$206,"Ya",'Downtime Log'!$D$5:$D$206,">="&$B$3,'Downtime Log'!$D$5:$D$206,"<"&($B$4+1))) | E9: =IF(A9="","",1-D9/$B$5) | F9: =IF(A9="","",IF(E9>=C9,"Tercapai","Breach")) | G9: =IF(A9="","",ROUND($B$5*(1-C9),1)) | H9: =IF(A9="","",G9-D9) | K9: =IF(OR(I9="",I9=0),"",J9/I9)
A10: =IF('Parameter SLA'!B7="","",'Parameter SLA'!B7) | B10: =IF('Parameter SLA'!C7="","",'Parameter SLA'!C7) | C10: =IF('Parameter SLA'!D7="","",'Parameter SLA'!D7) | D10: =IF(A10="","",SUMIFS('Downtime Log'!$F$5:$F$206,'Downtime Log'!$B$5:$B$206,A10,'Downtime Log'!$C$5:$C$206,B10,'Downtime Log'!$G$5:$G$206,"Ya",'Downtime Log'!$D$5:$D$206,">="&$B$3,'Downtime Log'!$D$5:$D$206,"<"&($B$4+1))) | E10: =IF(A10="","",1-D10/$B$5) | F10: =IF(A10="","",IF(E10>=C10,"Tercapai","Breach")) | G10: =IF(A10="","",ROUND($B$5*(1-C10),1)) | H10: =IF(A10="","",G10-D10) | K10: =IF(OR(I10="",I10=0),"",J10/I10)
A11: =IF('Parameter SLA'!B8="","",'Parameter SLA'!B8) | B11: =IF('Parameter SLA'!C8="","",'Parameter SLA'!C8) | C11: =IF('Parameter SLA'!D8="","",'Parameter SLA'!D8) | D11: =IF(A11="","",SUMIFS('Downtime Log'!$F$5:$F$206,'Downtime Log'!$B$5:$B$206,A11,'Downtime Log'!$C$5:$C$206,B11,'Downtime Log'!$G$5:$G$206,"Ya",'Downtime Log'!$D$5:$D$206,">="&$B$3,'Downtime Log'!$D$5:$D$206,"<"&($B$4+1))) | E11: =IF(A11="","",1-D11/$B$5) | F11: =IF(A11="","",IF(E11>=C11,"Tercapai","Breach")) | G11: =IF(A11="","",ROUND($B$5*(1-C11),1)) | H11: =IF(A11="","",G11-D11) | K11: =IF(OR(I11="",I11=0),"",J11/I11)
A12: =IF('Parameter SLA'!B9="","",'Parameter SLA'!B9) | B12: =IF('Parameter SLA'!C9="","",'Parameter SLA'!C9) | C12: =IF('Parameter SLA'!D9="","",'Parameter SLA'!D9) | D12: =IF(A12="","",SUMIFS('Downtime Log'!$F$5:$F$206,'Downtime Log'!$B$5:$B$206,A12,'Downtime Log'!$C$5:$C$206,B12,'Downtime Log'!$G$5:$G$206,"Ya",'Downtime Log'!$D$5:$D$206,">="&$B$3,'Downtime Log'!$D$5:$D$206,"<"&($B$4+1))) | E12: =IF(A12="","",1-D12/$B$5) | F12: =IF(A12="","",IF(E12>=C12,"Tercapai","Breach")) | G12: =IF(A12="","",ROUND($B$5*(1-C12),1)) | H12: =IF(A12="","",G12-D12) | K12: =IF(OR(I12="",I12=0),"",J12/I12)
A13: =IF('Parameter SLA'!B10="","",'Parameter SLA'!B10) | B13: =IF('Parameter SLA'!C10="","",'Parameter SLA'!C10) | C13: =IF('Parameter SLA'!D10="","",'Parameter SLA'!D10) | D13: =IF(A13="","",SUMIFS('Downtime Log'!$F$5:$F$206,'Downtime Log'!$B$5:$B$206,A13,'Downtime Log'!$C$5:$C$206,B13,'Downtime Log'!$G$5:$G$206,"Ya",'Downtime Log'!$D$5:$D$206,">="&$B$3,'Downtime Log'!$D$5:$D$206,"<"&($B$4+1))) | E13: =IF(A13="","",1-D13/$B$5) | F13: =IF(A13="","",IF(E13>=C13,"Tercapai","Breach")) | G13: =IF(A13="","",ROUND($B$5*(1-C13),1)) | H13: =IF(A13="","",G13-D13) | K13: =IF(OR(I13="",I13=0),"",J13/I13)
A14: =IF('Parameter SLA'!B11="","",'Parameter SLA'!B11) | B14: =IF('Parameter SLA'!C11="","",'Parameter SLA'!C11) | C14: =IF('Parameter SLA'!D11="","",'Parameter SLA'!D11) | D14: =IF(A14="","",SUMIFS('Downtime Log'!$F$5:$F$206,'Downtime Log'!$B$5:$B$206,A14,'Downtime Log'!$C$5:$C$206,B14,'Downtime Log'!$G$5:$G$206,"Ya",'Downtime Log'!$D$5:$D$206,">="&$B$3,'Downtime Log'!$D$5:$D$206,"<"&($B$4+1))) | E14: =IF(A14="","",1-D14/$B$5) | F14: =IF(A14="","",IF(E14>=C14,"Tercapai","Breach")) | G14: =IF(A14="","",ROUND($B$5*(1-C14),1)) | H14: =IF(A14="","",G14-D14) | K14: =IF(OR(I14="",I14=0),"",J14/I14)
A15: =IF('Parameter SLA'!B12="","",'Parameter SLA'!B12) | B15: =IF('Parameter SLA'!C12="","",'Parameter SLA'!C12) | C15: =IF('Parameter SLA'!D12="","",'Parameter SLA'!D12) | D15: =IF(A15="","",SUMIFS('Downtime Log'!$F$5:$F$206,'Downtime Log'!$B$5:$B$206,A15,'Downtime Log'!$C$5:$C$206,B15,'Downtime Log'!$G$5:$G$206,"Ya",'Downtime Log'!$D$5:$D$206,">="&$B$3,'Downtime Log'!$D$5:$D$206,"<"&($B$4+1))) | E15: =IF(A15="","",1-D15/$B$5) | F15: =IF(A15="","",IF(E15>=C15,"Tercapai","Breach")) | G15: =IF(A15="","",ROUND($B$5*(1-C15),1)) | H15: =IF(A15="","",G15-D15) | K15: =IF(OR(I15="",I15=0),"",J15/I15)
A16: =IF('Parameter SLA'!B13="","",'Parameter SLA'!B13) | B16: =IF('Parameter SLA'!C13="","",'Parameter SLA'!C13) | C16: =IF('Parameter SLA'!D13="","",'Parameter SLA'!D13) | D16: =IF(A16="","",SUMIFS('Downtime Log'!$F$5:$F$206,'Downtime Log'!$B$5:$B$206,A16,'Downtime Log'!$C$5:$C$206,B16,'Downtime Log'!$G$5:$G$206,"Ya",'Downtime Log'!$D$5:$D$206,">="&$B$3,'Downtime Log'!$D$5:$D$206,"<"&($B$4+1))) | E16: =IF(A16="","",1-D16/$B$5) | F16: =IF(A16="","",IF(E16>=C16,"Tercapai","Breach")) | G16: =IF(A16="","",ROUND($B$5*(1-C16),1)) | H16: =IF(A16="","",G16-D16) | K16: =IF(OR(I16="",I16=0),"",J16/I16)
A17: =IF('Parameter SLA'!B14="","",'Parameter SLA'!B14) | B17: =IF('Parameter SLA'!C14="","",'Parameter SLA'!C14) | C17: =IF('Parameter SLA'!D14="","",'Parameter SLA'!D14) | D17: =IF(A17="","",SUMIFS('Downtime Log'!$F$5:$F$206,'Downtime Log'!$B$5:$B$206,A17,'Downtime Log'!$C$5:$C$206,B17,'Downtime Log'!$G$5:$G$206,"Ya",'Downtime Log'!$D$5:$D$206,">="&$B$3,'Downtime Log'!$D$5:$D$206,"<"&($B$4+1))) | E17: =IF(A17="","",1-D17/$B$5) | F17: =IF(A17="","",IF(E17>=C17,"Tercapai","Breach")) | G17: =IF(A17="","",ROUND($B$5*(1-C17),1)) | H17: =IF(A17="","",G17-D17) | K17: =IF(OR(I17="",I17=0),"",J17/I17)
A18: =IF('Parameter SLA'!B15="","",'Parameter SLA'!B15) | B18: =IF('Parameter SLA'!C15="","",'Parameter SLA'!C15) | C18: =IF('Parameter SLA'!D15="","",'Parameter SLA'!D15) | D18: =IF(A18="","",SUMIFS('Downtime Log'!$F$5:$F$206,'Downtime Log'!$B$5:$B$206,A18,'Downtime Log'!$C$5:$C$206,B18,'Downtime Log'!$G$5:$G$206,"Ya",'Downtime Log'!$D$5:$D$206,">="&$B$3,'Downtime Log'!$D$5:$D$206,"<"&($B$4+1))) | E18: =IF(A18="","",1-D18/$B$5) | F18: =IF(A18="","",IF(E18>=C18,"Tercapai","Breach")) | G18: =IF(A18="","",ROUND($B$5*(1-C18),1)) | H18: =IF(A18="","",G18-D18) | K18: =IF(OR(I18="",I18=0),"",J18/I18)
A19: =IF('Parameter SLA'!B16="","",'Parameter SLA'!B16) | B19: =IF('Parameter SLA'!C16="","",'Parameter SLA'!C16) | C19: =IF('Parameter SLA'!D16="","",'Parameter SLA'!D16) | D19: =IF(A19="","",SUMIFS('Downtime Log'!$F$5:$F$206,'Downtime Log'!$B$5:$B$206,A19,'Downtime Log'!$C$5:$C$206,B19,'Downtime Log'!$G$5:$G$206,"Ya",'Downtime Log'!$D$5:$D$206,">="&$B$3,'Downtime Log'!$D$5:$D$206,"<"&($B$4+1))) | E19: =IF(A19="","",1-D19/$B$5) | F19: =IF(A19="","",IF(E19>=C19,"Tercapai","Breach")) | G19: =IF(A19="","",ROUND($B$5*(1-C19),1)) | H19: =IF(A19="","",G19-D19) | K19: =IF(OR(I19="",I19=0),"",J19/I19)
... A47: =IF('Parameter SLA'!B44="","",'Parameter SLA'!B44) | B47: =IF('Parameter SLA'!C44="","",'Parameter SLA'!C44) | C47: =IF('Parameter SLA'!D44="","",'Parameter SLA'!D44) | D47: =IF(A47="","",SUMIFS('Downtime Log'!$F$5:$F$206,'Downtime Log'!$B$5:$B$206,A47,'Downtime Log'!$C$5:$C$206,B47,'Downtime Log'!$G$5:$G$206,"Ya",'Downtime Log'!$D$5:$D$206,">="&$B$3,'Downtime Log'!$D$5:$D$206,"<"&($B$4+1))) | E47: =IF(A47="","",1-D47/$B$5) | F47: =IF(A47="","",IF(E47>=C47,"Tercapai","Breach")) | G47: =IF(A47="","",ROUND($B$5*(1-C47),1)) | H47: =IF(A47="","",G47-D47) | K47: =IF(OR(I47="",I47=0),"",J47/I47)
A49: Disusun (Service Delivery Manager)
A50: Diperiksa (Head of Operation)
