Workbook

Sheet Kontrol Dokumen
A1: Change Request & Approval Log
A2: PT Strategi Integrasi Nusantara (SINUX) · Divisi Operation
A4: Nomor dokumen | B4: SNX-OPS-FRM-04
A5: Judul | B5: Change Request & Approval Log
A6: Revisi | B6: 00 (DRAFT)
A7: Tanggal draft | B7: 13 Oktober 2026
A8: Tanggal efektif | B8: Ditetapkan saat pengesahan
A9: Klasifikasi | B9: RESTRICTED (Internal)
A10: Pemilik dokumen | B10: Head of Operation
A11: Disetujui oleh | B11: Samuel Kristanto Utomo / President Director
A12: Acuan ISO 9001:2015 | B12: Klausul 8.5.6
A13: Acuan ISO/IEC 27001:2022 | B13: Kontrol Annex A 8.32
A14: Masa simpan record | B14: 3 tahun
A15: Tujuan | B15: Log semua change request proyek dan teknis, lengkap dengan approval, eksekusi, dan hasilnya, sesuai SNX-OPS-SOP-02.
A17: Cara pakai
A18: 1. | B18: Gunakan satu nomor CR untuk satu perubahan, dengan format CR-YYYY-NNNN. CR juga dibuat sebagai ticket di Zammad (USULAN). Log ini menjadi rekap audit.
A19: 2. | B19: Kolom Go-gate otomatis bernilai CEK jika backup, rollback, atau approval belum lengkap, kecuali untuk change Emergency.
A20: 3. | B20: Kolom PIR otomatis bernilai Ya untuk change Major atau change yang berakhir rollback. Lakukan PIR dalam 5 hari kerja.
A21: 4. | B21: Sheet Ringkasan menghitung statistik per jenis change untuk laporan KPI bulanan.
A23: Legenda warna
B24: Sel input: diisi pengguna
B25: Biru muda: warna baris contoh, sudah dikosongkan dan tidak dipakai
B26: Sel rumus: jangan diubah
A28: Riwayat revisi
A29: Revisi | B29: Tanggal | C29: Uraian perubahan | D29: Disusun | E29: Disetujui
A30: 00 | B30: 13 Oktober 2026 | C30: Draft awal untuk review dan pengesahan | D30: Divisi Operation | E30: Menunggu
A33: Pengesahan
A34: Peran | B34: Nama dan jabatan | C34: Tanda tangan | D34: Tanggal
A35: Disusun oleh | B35: Erik Dwi Yanto / Technical/Operation Engineer L1
A36: Diperiksa oleh | B36: Fani Fatullah / VP Tech Operation and Services
A37: Disetujui oleh | B37: Samuel Kristanto Utomo / President Director

Sheet Alur Proses
A1: Diagram alur proses
A2: Kotak biru = output akhir · kotak oranye = cabang ke tindakan atau prosedur lain · garis putus-putus = kembali ke alur utama

Sheet Daftar
A1: Jenis | B1: Approval | C1: Ack | D1: Hasil
A2: Standar | B2: Menunggu | C2: Ya | D2: Berhasil
A3: Normal | B3: Disetujui | C3: Tidak | D3: Rollback
A4: Major | B4: Ditolak | C4: Tidak perlu | D4: Gagal
A5: Emergency | B5: Revisi | D5: Dibatalkan
A6: Proyek

Sheet Change Log
A1: Change request and approval log
A2: Approver sesuai SNX-OPS-SOP-02 Bagian 5.
A4: No CR | B4: Tanggal ajukan | C4: Pengaju | D4: Pelanggan / layanan | E4: Sistem target | F4: Jenis | G4: Uraian perubahan | H4: Dampak dan risiko | I4: Backup (lokasi) | J4: Rollback | K4: Approver | L4: Status approval | M4: Tgl approval | N4: Ack pelanggan | O4: Jadwal eksekusi | P4: Pelaksana | Q4: Hasil | R4: Selesai | S4: Go-gate | T4: PIR wajib | U4: Catatan
S5: =IF(A5="","",IF(F5="Emergency","Emergency",IF(AND(I5<>"",J5<>"",L5="Disetujui"),"OK","CEK"))) | T5: =IF(A5="","",IF(OR(F5="Major",Q5="Rollback"),"Ya","Tidak"))
S6: =IF(A6="","",IF(F6="Emergency","Emergency",IF(AND(I6<>"",J6<>"",L6="Disetujui"),"OK","CEK"))) | T6: =IF(A6="","",IF(OR(F6="Major",Q6="Rollback"),"Ya","Tidak"))
S7: =IF(A7="","",IF(F7="Emergency","Emergency",IF(AND(I7<>"",J7<>"",L7="Disetujui"),"OK","CEK"))) | T7: =IF(A7="","",IF(OR(F7="Major",Q7="Rollback"),"Ya","Tidak"))
S8: =IF(A8="","",IF(F8="Emergency","Emergency",IF(AND(I8<>"",J8<>"",L8="Disetujui"),"OK","CEK"))) | T8: =IF(A8="","",IF(OR(F8="Major",Q8="Rollback"),"Ya","Tidak"))
S9: =IF(A9="","",IF(F9="Emergency","Emergency",IF(AND(I9<>"",J9<>"",L9="Disetujui"),"OK","CEK"))) | T9: =IF(A9="","",IF(OR(F9="Major",Q9="Rollback"),"Ya","Tidak"))
S10: =IF(A10="","",IF(F10="Emergency","Emergency",IF(AND(I10<>"",J10<>"",L10="Disetujui"),"OK","CEK"))) | T10: =IF(A10="","",IF(OR(F10="Major",Q10="Rollback"),"Ya","Tidak"))
S11: =IF(A11="","",IF(F11="Emergency","Emergency",IF(AND(I11<>"",J11<>"",L11="Disetujui"),"OK","CEK"))) | T11: =IF(A11="","",IF(OR(F11="Major",Q11="Rollback"),"Ya","Tidak"))
S12: =IF(A12="","",IF(F12="Emergency","Emergency",IF(AND(I12<>"",J12<>"",L12="Disetujui"),"OK","CEK"))) | T12: =IF(A12="","",IF(OR(F12="Major",Q12="Rollback"),"Ya","Tidak"))
S13: =IF(A13="","",IF(F13="Emergency","Emergency",IF(AND(I13<>"",J13<>"",L13="Disetujui"),"OK","CEK"))) | T13: =IF(A13="","",IF(OR(F13="Major",Q13="Rollback"),"Ya","Tidak"))
S14: =IF(A14="","",IF(F14="Emergency","Emergency",IF(AND(I14<>"",J14<>"",L14="Disetujui"),"OK","CEK"))) | T14: =IF(A14="","",IF(OR(F14="Major",Q14="Rollback"),"Ya","Tidak"))
S15: =IF(A15="","",IF(F15="Emergency","Emergency",IF(AND(I15<>"",J15<>"",L15="Disetujui"),"OK","CEK"))) | T15: =IF(A15="","",IF(OR(F15="Major",Q15="Rollback"),"Ya","Tidak"))
S16: =IF(A16="","",IF(F16="Emergency","Emergency",IF(AND(I16<>"",J16<>"",L16="Disetujui"),"OK","CEK"))) | T16: =IF(A16="","",IF(OR(F16="Major",Q16="Rollback"),"Ya","Tidak"))
... S155: =IF(A155="","",IF(F155="Emergency","Emergency",IF(AND(I155<>"",J155<>"",L155="Disetujui"),"OK","CEK"))) | T155: =IF(A155="","",IF(OR(F155="Major",Q155="Rollback"),"Ya","Tidak"))

Sheet Ringkasan
A1: Ringkasan change
A2: Isi periode di sel B3 dan B4. Semua angka dihitung dari sheet Change Log berdasarkan Tanggal ajukan.
A3: Periode mulai | B3: 46327
A4: Periode akhir | B4: 46356
A6: Jenis | B6: Jumlah | C6: Berhasil | D6: Rollback | E6: Gagal | F6: Tanpa rollback darurat (%)
A7: Standar | B7: =COUNTIFS('Change Log'!$F$5:$F$155,A7,'Change Log'!$B$5:$B$155,">="&$B$3,'Change Log'!$B$5:$B$155,"<="&$B$4) | C7: =COUNTIFS('Change Log'!$F$5:$F$155,A7,'Change Log'!$Q$5:$Q$155,"Berhasil",'Change Log'!$B$5:$B$155,">="&$B$3,'Change Log'!$B$5:$B$155,"<="&$B$4) | D7: =COUNTIFS('Change Log'!$F$5:$F$155,A7,'Change Log'!$Q$5:$Q$155,"Rollback",'Change Log'!$B$5:$B$155,">="&$B$3,'Change Log'!$B$5:$B$155,"<="&$B$4) | E7: =COUNTIFS('Change Log'!$F$5:$F$155,A7,'Change Log'!$Q$5:$Q$155,"Gagal",'Change Log'!$B$5:$B$155,">="&$B$3,'Change Log'!$B$5:$B$155,"<="&$B$4) | F7: =IF(B7=0,"",1-D7/B7)
A8: Normal | B8: =COUNTIFS('Change Log'!$F$5:$F$155,A8,'Change Log'!$B$5:$B$155,">="&$B$3,'Change Log'!$B$5:$B$155,"<="&$B$4) | C8: =COUNTIFS('Change Log'!$F$5:$F$155,A8,'Change Log'!$Q$5:$Q$155,"Berhasil",'Change Log'!$B$5:$B$155,">="&$B$3,'Change Log'!$B$5:$B$155,"<="&$B$4) | D8: =COUNTIFS('Change Log'!$F$5:$F$155,A8,'Change Log'!$Q$5:$Q$155,"Rollback",'Change Log'!$B$5:$B$155,">="&$B$3,'Change Log'!$B$5:$B$155,"<="&$B$4) | E8: =COUNTIFS('Change Log'!$F$5:$F$155,A8,'Change Log'!$Q$5:$Q$155,"Gagal",'Change Log'!$B$5:$B$155,">="&$B$3,'Change Log'!$B$5:$B$155,"<="&$B$4) | F8: =IF(B8=0,"",1-D8/B8)
A9: Major | B9: =COUNTIFS('Change Log'!$F$5:$F$155,A9,'Change Log'!$B$5:$B$155,">="&$B$3,'Change Log'!$B$5:$B$155,"<="&$B$4) | C9: =COUNTIFS('Change Log'!$F$5:$F$155,A9,'Change Log'!$Q$5:$Q$155,"Berhasil",'Change Log'!$B$5:$B$155,">="&$B$3,'Change Log'!$B$5:$B$155,"<="&$B$4) | D9: =COUNTIFS('Change Log'!$F$5:$F$155,A9,'Change Log'!$Q$5:$Q$155,"Rollback",'Change Log'!$B$5:$B$155,">="&$B$3,'Change Log'!$B$5:$B$155,"<="&$B$4) | E9: =COUNTIFS('Change Log'!$F$5:$F$155,A9,'Change Log'!$Q$5:$Q$155,"Gagal",'Change Log'!$B$5:$B$155,">="&$B$3,'Change Log'!$B$5:$B$155,"<="&$B$4) | F9: =IF(B9=0,"",1-D9/B9)
A10: Emergency | B10: =COUNTIFS('Change Log'!$F$5:$F$155,A10,'Change Log'!$B$5:$B$155,">="&$B$3,'Change Log'!$B$5:$B$155,"<="&$B$4) | C10: =COUNTIFS('Change Log'!$F$5:$F$155,A10,'Change Log'!$Q$5:$Q$155,"Berhasil",'Change Log'!$B$5:$B$155,">="&$B$3,'Change Log'!$B$5:$B$155,"<="&$B$4) | D10: =COUNTIFS('Change Log'!$F$5:$F$155,A10,'Change Log'!$Q$5:$Q$155,"Rollback",'Change Log'!$B$5:$B$155,">="&$B$3,'Change Log'!$B$5:$B$155,"<="&$B$4) | E10: =COUNTIFS('Change Log'!$F$5:$F$155,A10,'Change Log'!$Q$5:$Q$155,"Gagal",'Change Log'!$B$5:$B$155,">="&$B$3,'Change Log'!$B$5:$B$155,"<="&$B$4) | F10: =IF(B10=0,"",1-D10/B10)
A11: Proyek | B11: =COUNTIFS('Change Log'!$F$5:$F$155,A11,'Change Log'!$B$5:$B$155,">="&$B$3,'Change Log'!$B$5:$B$155,"<="&$B$4) | C11: =COUNTIFS('Change Log'!$F$5:$F$155,A11,'Change Log'!$Q$5:$Q$155,"Berhasil",'Change Log'!$B$5:$B$155,">="&$B$3,'Change Log'!$B$5:$B$155,"<="&$B$4) | D11: =COUNTIFS('Change Log'!$F$5:$F$155,A11,'Change Log'!$Q$5:$Q$155,"Rollback",'Change Log'!$B$5:$B$155,">="&$B$3,'Change Log'!$B$5:$B$155,"<="&$B$4) | E11: =COUNTIFS('Change Log'!$F$5:$F$155,A11,'Change Log'!$Q$5:$Q$155,"Gagal",'Change Log'!$B$5:$B$155,">="&$B$3,'Change Log'!$B$5:$B$155,"<="&$B$4) | F11: =IF(B11=0,"",1-D11/B11)
A12: Total | B12: =SUM(B7:B11) | C12: =SUM(C7:C11) | D12: =SUM(D7:D11) | E12: =SUM(E7:E11) | F12: =IF(B12=0,"",1-D12/B12)
A13: CR dieksekusi tanpa go-gate lengkap (status CEK) | B13: =COUNTIFS('Change Log'!$S$5:$S$155,"CEK",'Change Log'!$B$5:$B$155,">="&$B$3,'Change Log'!$B$5:$B$155,"<="&$B$4)
