Workbook

Sheet Kontrol Dokumen
A1: Backup Log & Restore Testing Records
A2: PT Strategi Integrasi Nusantara (SINUX) · Divisi Operation
A4: Nomor dokumen | B4: SNX-ISMS-FRM-01
A5: Judul | B5: Backup Log & Restore Testing Records
A6: Revisi | B6: 00 (DRAFT)
A7: Tanggal draft | B7: 13 Oktober 2026
A8: Tanggal efektif | B8: Ditetapkan saat pengesahan
A9: Klasifikasi | B9: RESTRICTED (Internal)
A10: Pemilik dokumen | B10: Lead NOC
A11: Disetujui oleh | B11: Samuel Kristanto Utomo / President Director
A12: Acuan ISO 9001:2015 | B12: Klausul 8.5.3
A13: Acuan ISO/IEC 27001:2022 | B13: Kontrol Annex A 8.13
A14: Masa simpan record | B14: 3 tahun
A15: Tujuan | B15: Daftar job backup, log pemeriksaan harian, dan record restore (uji berkala maupun permintaan) sesuai SNX-ISMS-SOP-03.
A17: Cara pakai
A18: 1. | B18: Daftarkan setiap job di sheet Daftar Job beserta RPO dan RTO.
A19: 2. | B19: NOC Engineer shift malam mengisi Backup Log setiap hari; status Gagal dua kali berturut menjadi tiket P2 di Zammad.
A20: 3. | B20: Setiap restore (uji berkala atau permintaan) dicatat di Restore Record; durasi dan kepatuhan RTO dihitung otomatis dari Daftar Job.
A21: 4. | B21: Sheet Ringkasan menghitung tingkat sukses backup dan uji restore per bulan untuk SNX-OPS-RPT-01.
A23: Legenda warna
B24: Sel input: diisi pengguna
B26: Sel rumus: jangan diubah
A28: Riwayat revisi
A29: Revisi | B29: Tanggal | C29: Uraian perubahan | D29: Disusun | E29: Disetujui
A30: 00 | B30: 13 Oktober 2026 | C30: Draft awal untuk review dan pengesahan | D30: Divisi Operation | E30: Menunggu
A33: Pengesahan
A34: Peran | B34: Nama dan jabatan | C34: Tanda tangan | D34: Tanggal
A35: Disusun oleh | B35: Erik Dwi Yanto / Technical/Operation Engineer L1
A36: Diperiksa oleh | B36: Fani Fatullah / VP Tech Operation and Services
A37: Disetujui oleh | B37: Samuel Kristanto Utomo / President Director

Sheet Alur Proses
A1: Diagram alur proses
A2: Kotak biru = output akhir · kotak oranye = cabang ke tindakan atau prosedur lain · garis putus-putus = kembali ke alur utama

Sheet Daftar
A1: Jenis | B1: YaTidak | C1: Status | D1: Shift | E1: Restore | F1: Hasil
A2: Full | B2: Ya | C2: Sukses | D2: Shift 1 | E2: Uji berkala | F2: Berhasil
A3: Incremental | B3: Tidak | C3: Peringatan | D3: Shift 2 | E3: Permintaan pelanggan | F3: Gagal
A4: Differential | C4: Gagal | D4: Shift 3 | E4: Pemulihan insiden | F4: Sebagian
A5: Snapshot
A6: Konfigurasi

Sheet Daftar Job
A1: Daftar job backup
A2: RPO dan RTO dalam jam. Simpan salinan offline (break-glass) kunci enkripsi backup di luar password manager (USULAN).
A4: Job ID | B4: Pelanggan atau internal | C4: Sumber data atau sistem | D4: Jenis | E4: Jadwal | F4: Retensi (hari) | G4: Offsite | H4: Encryption | I4: RPO (jam) | J4: RTO (jam) | K4: Pemilik | L4: Catatan

Sheet Backup Log
A1: Log pemeriksaan backup harian
A4: Tanggal | B4: Shift | C4: Job ID | D4: Status | E4: Ukuran (GB) | F4: Durasi (menit) | G4: Tindakan bila gagal | H4: Ref tiket | I4: Diperiksa oleh

Sheet Restore Record
A1: Record restore dan uji restore
A2: Durasi, RTO, dan kepatuhan dihitung otomatis. Restore ke produksi butuh approval Lead NOC dan persetujuan pelanggan.
A4: ID restore | B4: Tanggal | C4: Jenis | D4: Job ID | E4: Data dipulihkan | F4: Lokasi tujuan | G4: Mulai | H4: Selesai | I4: Durasi (menit) | J4: RTO (jam) | K4: Dalam RTO | L4: Integritas terverifikasi | M4: Hasil | N4: Disetujui oleh | O4: Pelaksana | P4: Bukti | Q4: Catatan
I5: =IF(OR(G5="",H5=""),"",ROUND((H5-G5)*1440,0)) | J5: =IF(D5="","",IFERROR(INDEX('Daftar Job'!$J$5:$J$86,MATCH(D5,'Daftar Job'!$A$5:$A$86,0)),"")) | K5: =IF(OR(I5="",J5=""),"",IF(I5<=J5*60,"Ya","Tidak"))
I6: =IF(OR(G6="",H6=""),"",ROUND((H6-G6)*1440,0)) | J6: =IF(D6="","",IFERROR(INDEX('Daftar Job'!$J$5:$J$86,MATCH(D6,'Daftar Job'!$A$5:$A$86,0)),"")) | K6: =IF(OR(I6="",J6=""),"",IF(I6<=J6*60,"Ya","Tidak"))
I7: =IF(OR(G7="",H7=""),"",ROUND((H7-G7)*1440,0)) | J7: =IF(D7="","",IFERROR(INDEX('Daftar Job'!$J$5:$J$86,MATCH(D7,'Daftar Job'!$A$5:$A$86,0)),"")) | K7: =IF(OR(I7="",J7=""),"",IF(I7<=J7*60,"Ya","Tidak"))
I8: =IF(OR(G8="",H8=""),"",ROUND((H8-G8)*1440,0)) | J8: =IF(D8="","",IFERROR(INDEX('Daftar Job'!$J$5:$J$86,MATCH(D8,'Daftar Job'!$A$5:$A$86,0)),"")) | K8: =IF(OR(I8="",J8=""),"",IF(I8<=J8*60,"Ya","Tidak"))
I9: =IF(OR(G9="",H9=""),"",ROUND((H9-G9)*1440,0)) | J9: =IF(D9="","",IFERROR(INDEX('Daftar Job'!$J$5:$J$86,MATCH(D9,'Daftar Job'!$A$5:$A$86,0)),"")) | K9: =IF(OR(I9="",J9=""),"",IF(I9<=J9*60,"Ya","Tidak"))
I10: =IF(OR(G10="",H10=""),"",ROUND((H10-G10)*1440,0)) | J10: =IF(D10="","",IFERROR(INDEX('Daftar Job'!$J$5:$J$86,MATCH(D10,'Daftar Job'!$A$5:$A$86,0)),"")) | K10: =IF(OR(I10="",J10=""),"",IF(I10<=J10*60,"Ya","Tidak"))
I11: =IF(OR(G11="",H11=""),"",ROUND((H11-G11)*1440,0)) | J11: =IF(D11="","",IFERROR(INDEX('Daftar Job'!$J$5:$J$86,MATCH(D11,'Daftar Job'!$A$5:$A$86,0)),"")) | K11: =IF(OR(I11="",J11=""),"",IF(I11<=J11*60,"Ya","Tidak"))
I12: =IF(OR(G12="",H12=""),"",ROUND((H12-G12)*1440,0)) | J12: =IF(D12="","",IFERROR(INDEX('Daftar Job'!$J$5:$J$86,MATCH(D12,'Daftar Job'!$A$5:$A$86,0)),"")) | K12: =IF(OR(I12="",J12=""),"",IF(I12<=J12*60,"Ya","Tidak"))
I13: =IF(OR(G13="",H13=""),"",ROUND((H13-G13)*1440,0)) | J13: =IF(D13="","",IFERROR(INDEX('Daftar Job'!$J$5:$J$86,MATCH(D13,'Daftar Job'!$A$5:$A$86,0)),"")) | K13: =IF(OR(I13="",J13=""),"",IF(I13<=J13*60,"Ya","Tidak"))
I14: =IF(OR(G14="",H14=""),"",ROUND((H14-G14)*1440,0)) | J14: =IF(D14="","",IFERROR(INDEX('Daftar Job'!$J$5:$J$86,MATCH(D14,'Daftar Job'!$A$5:$A$86,0)),"")) | K14: =IF(OR(I14="",J14=""),"",IF(I14<=J14*60,"Ya","Tidak"))
I15: =IF(OR(G15="",H15=""),"",ROUND((H15-G15)*1440,0)) | J15: =IF(D15="","",IFERROR(INDEX('Daftar Job'!$J$5:$J$86,MATCH(D15,'Daftar Job'!$A$5:$A$86,0)),"")) | K15: =IF(OR(I15="",J15=""),"",IF(I15<=J15*60,"Ya","Tidak"))
I16: =IF(OR(G16="",H16=""),"",ROUND((H16-G16)*1440,0)) | J16: =IF(D16="","",IFERROR(INDEX('Daftar Job'!$J$5:$J$86,MATCH(D16,'Daftar Job'!$A$5:$A$86,0)),"")) | K16: =IF(OR(I16="",J16=""),"",IF(I16<=J16*60,"Ya","Tidak"))
... I155: =IF(OR(G155="",H155=""),"",ROUND((H155-G155)*1440,0)) | J155: =IF(D155="","",IFERROR(INDEX('Daftar Job'!$J$5:$J$86,MATCH(D155,'Daftar Job'!$A$5:$A$86,0)),"")) | K155: =IF(OR(I155="",J155=""),"",IF(I155<=J155*60,"Ya","Tidak"))

Sheet Ringkasan
A1: Ringkasan backup dan restore bulanan
A3: Bulan (tanggal 1) | B3: 46327
A4: Pemeriksaan job tercatat | B4: =COUNTIFS('Backup Log'!$A$5:$A$606,">="&$B$3,'Backup Log'!$A$5:$A$606,"<="&EOMONTH($B$3,0))
A5: Job sukses | B5: =COUNTIFS('Backup Log'!$D$5:$D$606,"Sukses",'Backup Log'!$A$5:$A$606,">="&$B$3,'Backup Log'!$A$5:$A$606,"<="&EOMONTH($B$3,0))
A6: Job gagal | B6: =COUNTIFS('Backup Log'!$D$5:$D$606,"Gagal",'Backup Log'!$A$5:$A$606,">="&$B$3,'Backup Log'!$A$5:$A$606,"<="&EOMONTH($B$3,0))
A7: Tingkat sukses backup (KPI 98%) | B7: =IF(B4=0,"",B5/B4)
A8: Uji restore berkala dilaksanakan | B8: =COUNTIFS('Restore Record'!$C$5:$C$155,"Uji berkala",'Restore Record'!$B$5:$B$155,">="&$B$3,'Restore Record'!$B$5:$B$155,"<="&EOMONTH($B$3,0))
A9: Uji restore berhasil | B9: =COUNTIFS('Restore Record'!$C$5:$C$155,"Uji berkala",'Restore Record'!$M$5:$M$155,"Berhasil",'Restore Record'!$B$5:$B$155,">="&$B$3,'Restore Record'!$B$5:$B$155,"<="&EOMONTH($B$3,0))
A10: Tingkat keberhasilan uji restore (KPI 95%) | B10: =IF(B8=0,"",B9/B8)
A11: Restore dalam RTO | B11: =COUNTIFS('Restore Record'!$K$5:$K$155,"Ya",'Restore Record'!$B$5:$B$155,">="&$B$3,'Restore Record'!$B$5:$B$155,"<="&EOMONTH($B$3,0))
