Workbook

Sheet Kontrol Dokumen
A1: Supplier Technical & Security Evaluation Records
A2: PT Strategi Integrasi Nusantara (SINUX) · Divisi Operation
A4: Nomor dokumen | B4: SNX-ISMS-FRM-03
A5: Judul | B5: Supplier Technical & Security Evaluation Records
A6: Revisi | B6: 00 (Draft)
A7: Tanggal draft | B7: 13 Oktober 2026
A8: Tanggal efektif | B8: Ditetapkan saat pengesahan
A9: Klasifikasi | B9: RESTRICTED (Internal)
A10: Pemilik dokumen | B10: Head of Operation
A11: Disetujui oleh | B11: Samuel Kristanto Utomo / President Director
A12: Acuan ISO 9001:2015 | B12: Klausul 8.4
A13: Acuan ISO/IEC 27001:2022 | B13: Kontrol Annex A 5.19, 5.20, 5.21, 5.22, 5.23
A14: Masa simpan record | B14: Durasi kontrak + 3 tahun
A15: Tujuan | B15: Mencatat supplier teknis, evaluasi berkala atas kinerja dan keamanan informasinya, serta kuesioner keamanan supplier (Annex A 5.19 sampai 5.23, ISO 9001 klausul 8.4).
A17: Cara pakai
A18: 1. | B18: Daftarkan di sheet Daftar Supplier setiap supplier yang menopang layanan atau memegang akses maupun data. Koordinasikan pendaftarannya dengan Commercial dan Legal.
A19: 2. | B19: Evaluasi supplier berkritikalitas Tinggi setiap semester, sedangkan supplier berkritikalitas Sedang dan Rendah setiap tahun. Jadwal evaluasi berikutnya terisi otomatis.
A20: 3. | B20: Isi skor 1 sampai 5 untuk setiap kriteria di sheet Evaluasi. Nilai tertimbang dan keputusan terisi otomatis.
A21: 4. | B21: Gunakan sheet Kuesioner Keamanan untuk supplier baru dan supplier berakses data.
A22: 5. | B22: Gunakan data breach SLA yang disebabkan supplier (SNX-OPS-SOP-05) sebagai masukan kriteria kinerja.
A24: Legenda warna
B25: Sel input: diisi pengguna
B26: Biru muda: supplier yang sudah teridentifikasi; kontrak, NDA, dan sertifikasinya diverifikasi dengan Commercial dan Legal
B27: Sel rumus: jangan diubah
A29: Riwayat revisi
A30: Revisi | B30: Tanggal | C30: Uraian perubahan | D30: Disusun | E30: Disetujui
A31: 00 | B31: 13 Oktober 2026 | C31: Draft awal untuk review dan pengesahan | D31: Divisi Operation | E31: Menunggu
A34: Pengesahan
A35: Peran | B35: Nama dan jabatan | C35: Tanda tangan | D35: Tanggal
A36: Disusun oleh | B36: Erik Dwi Yanto / Technical/Operation Engineer L1
A37: Diperiksa oleh | B37: Fani Fatullah / VP Tech Operation and Services
A38: Disetujui oleh | B38: Samuel Kristanto Utomo / President Director

Sheet Alur Proses
A1: Diagram alur proses
A2: Kotak biru = output akhir · kotak oranye = cabang ke tindakan atau prosedur lain · garis putus-putus = kembali ke alur utama · nilai 60 sampai 79 (Disetujui bersyarat) tidak tergambar, lihat sheet Evaluasi

Sheet Daftar
A1: Kategori | B1: Kritikalitas | C1: YaTidak | D1: Skor
A2: Infrastruktur cloud dan DC | B2: Tinggi | C2: Ya | D2: 1
A3: Partner SOC | B3: Sedang | C3: Tidak | D3: 2
A4: Platform observability | B4: Rendah | C4: Belum diketahui | D4: 3
A5: Keamanan dan CDN | D5: 4
A6: Backup | D6: 5
A7: Lisensi software
A8: Sertifikat SSL
A9: SaaS kolaborasi
A10: Lainnya

Sheet Daftar Supplier
A1: Daftar supplier teknis
A2: Baris biru muda = supplier yang teridentifikasi di knowledge base; status kontrak, NDA, dan sertifikasi wajib diverifikasi dengan Commercial dan Legal. Nama penyedia SUP-001, SUP-002, dan SUP-006 juga diverifikasi dengan Commercial dan Legal (USULAN).
A4: ID | B4: Nama supplier | C4: Layanan yang dipasok | D4: Kategori | E4: Kritikalitas | F4: Akses ke data atau sistem | G4: Sertifikasi keamanan (misalnya ISO 27001, SOC 2) | H4: Kontrak dan NDA memuat klausul keamanan | I4: PIC internal | J4: Evaluasi terakhir | K4: Evaluasi berikutnya | L4: Catatan
A5: SUP-001 | B5: Penyedia infrastruktur Nusagrid (Maxcloud atau Awandata) | C5: Platform, node, console, DC Nusagrid | D5: Infrastruktur cloud dan DC | E5: Tinggi | F5: Ya | G5: Belum diketahui | H5: Belum diketahui | I5: Head of Operation | K5: =IF(J5="","Belum pernah",EDATE(J5,IF(E5="Tinggi",6,12))) | L5: Verifikasi status kontrak dan sertifikasi
A6: SUP-002 | B6: Partner SOC (Arktech) | C6: Operasi SIEM dan Wazuh untuk pelanggan tertentu | D6: Partner SOC | E6: Tinggi | F6: Ya | G6: Belum diketahui | H6: Belum diketahui | I6: Lead SOC | K6: =IF(J6="","Belum pernah",EDATE(J6,IF(E6="Tinggi",6,12)))
A7: SUP-003 | B7: TelemetryFlow | C7: Platform Nusametric dan TFO-Agent | D7: Platform observability | E7: Sedang | F7: Ya | G7: Belum diketahui | H7: Belum diketahui | I7: Lead NOC | K7: =IF(J7="","Belum pernah",EDATE(J7,IF(E7="Tinggi",6,12)))
A8: SUP-004 | B8: Cloudflare | C8: DNS, WAF, CDN pelanggan | D8: Keamanan dan CDN | E8: Tinggi | F8: Ya | G8: Ya | H8: Belum diketahui | I8: Head of Operation | K8: =IF(J8="","Belum pernah",EDATE(J8,IF(E8="Tinggi",6,12)))
A9: SUP-005 | B9: Acronis | C9: Platform Cyber Protect | D9: Backup | E9: Tinggi | F9: Ya | G9: Ya | H9: Belum diketahui | I9: Lead NOC | K9: =IF(J9="","Belum pernah",EDATE(J9,IF(E9="Tinggi",6,12)))
A10: SUP-006 | B10: Penyedia lisensi cPanel (Antmedia) | C10: Lisensi cPanel, CloudLinux, KernelCare | D10: Lisensi software | E10: Sedang | F10: Tidak | G10: Belum diketahui | H10: Belum diketahui | I10: Lead NOC | K10: =IF(J10="","Belum pernah",EDATE(J10,IF(E10="Tinggi",6,12)))
A11: SUP-007 | B11: Reseller SSL (GoGetSSL dan CA Sectigo) | C11: Sertifikat SSL wildcard | D11: Sertifikat SSL | E11: Sedang | F11: Tidak | G11: Belum diketahui | H11: Belum diketahui | I11: Lead NOC | K11: =IF(J11="","Belum pernah",EDATE(J11,IF(E11="Tinggi",6,12)))
A12: SUP-008 | B12: Google Workspace | C12: Email, Drive, dokumen | D12: SaaS kolaborasi | E12: Tinggi | F12: Ya | G12: Ya | H12: Belum diketahui | I12: Direktur (COO) | K12: =IF(J12="","Belum pernah",EDATE(J12,IF(E12="Tinggi",6,12)))
K13: =IF(J13="","Belum pernah",EDATE(J13,IF(E13="Tinggi",6,12)))
K14: =IF(J14="","Belum pernah",EDATE(J14,IF(E14="Tinggi",6,12)))
K15: =IF(J15="","Belum pernah",EDATE(J15,IF(E15="Tinggi",6,12)))
K16: =IF(J16="","Belum pernah",EDATE(J16,IF(E16="Tinggi",6,12)))
K17: =IF(J17="","Belum pernah",EDATE(J17,IF(E17="Tinggi",6,12)))
K18: =IF(J18="","Belum pernah",EDATE(J18,IF(E18="Tinggi",6,12)))
K19: =IF(J19="","Belum pernah",EDATE(J19,IF(E19="Tinggi",6,12)))
K20: =IF(J20="","Belum pernah",EDATE(J20,IF(E20="Tinggi",6,12)))
K21: =IF(J21="","Belum pernah",EDATE(J21,IF(E21="Tinggi",6,12)))
K22: =IF(J22="","Belum pernah",EDATE(J22,IF(E22="Tinggi",6,12)))
K23: =IF(J23="","Belum pernah",EDATE(J23,IF(E23="Tinggi",6,12)))
K24: =IF(J24="","Belum pernah",EDATE(J24,IF(E24="Tinggi",6,12)))
... K52: =IF(J52="","Belum pernah",EDATE(J52,IF(E52="Tinggi",6,12)))

Sheet Evaluasi
A1: Evaluasi kinerja dan keamanan supplier
A2: Skor 1 (sangat buruk) sampai 5 (sangat baik). Nilai = rata-rata tertimbang dikali 20 (skala 20 sampai 100). 80 ke atas Disetujui · 60 sampai 79 Disetujui bersyarat · di bawah 60 Tinjau ulang.
A3: Bobot | D3: 0.25 | E3: 0.15 | F3: 0.25 | G3: 0.15 | H3: 0.1 | I3: 0.1
A4: Periode | B4: ID supplier | C4: Nama supplier | D4: Kinerja dan availability sesuai SLA | E4: Responsivitas dukungan dan eskalasi | F4: Kontrol keamanan informasi | G4: Kepatuhan kontrak, legal, dan pelindungan data | H4: Insiden atau breach terkait supplier (5 = tidak ada) | I4: Keberlanjutan dan kapasitas teknis | J4: Nilai | K4: Keputusan | L4: Tindak lanjut | M4: Evaluator | N4: Disetujui
C5: =IF(B5="","",IFERROR(INDEX('Daftar Supplier'!$B$5:$B$52,MATCH(B5,'Daftar Supplier'!$A$5:$A$52,0)),"ID tidak ada")) | J5: =IF(COUNT(D5:I5)<6,"",ROUND(SUMPRODUCT(D5:I5,$D$3:$I$3)/SUM($D$3:$I$3)*20,0)) | K5: =IF(J5="","",IF(J5>=80,"Disetujui",IF(J5>=60,"Disetujui bersyarat","Tinjau ulang")))
C6: =IF(B6="","",IFERROR(INDEX('Daftar Supplier'!$B$5:$B$52,MATCH(B6,'Daftar Supplier'!$A$5:$A$52,0)),"ID tidak ada")) | J6: =IF(COUNT(D6:I6)<6,"",ROUND(SUMPRODUCT(D6:I6,$D$3:$I$3)/SUM($D$3:$I$3)*20,0)) | K6: =IF(J6="","",IF(J6>=80,"Disetujui",IF(J6>=60,"Disetujui bersyarat","Tinjau ulang")))
C7: =IF(B7="","",IFERROR(INDEX('Daftar Supplier'!$B$5:$B$52,MATCH(B7,'Daftar Supplier'!$A$5:$A$52,0)),"ID tidak ada")) | J7: =IF(COUNT(D7:I7)<6,"",ROUND(SUMPRODUCT(D7:I7,$D$3:$I$3)/SUM($D$3:$I$3)*20,0)) | K7: =IF(J7="","",IF(J7>=80,"Disetujui",IF(J7>=60,"Disetujui bersyarat","Tinjau ulang")))
C8: =IF(B8="","",IFERROR(INDEX('Daftar Supplier'!$B$5:$B$52,MATCH(B8,'Daftar Supplier'!$A$5:$A$52,0)),"ID tidak ada")) | J8: =IF(COUNT(D8:I8)<6,"",ROUND(SUMPRODUCT(D8:I8,$D$3:$I$3)/SUM($D$3:$I$3)*20,0)) | K8: =IF(J8="","",IF(J8>=80,"Disetujui",IF(J8>=60,"Disetujui bersyarat","Tinjau ulang")))
C9: =IF(B9="","",IFERROR(INDEX('Daftar Supplier'!$B$5:$B$52,MATCH(B9,'Daftar Supplier'!$A$5:$A$52,0)),"ID tidak ada")) | J9: =IF(COUNT(D9:I9)<6,"",ROUND(SUMPRODUCT(D9:I9,$D$3:$I$3)/SUM($D$3:$I$3)*20,0)) | K9: =IF(J9="","",IF(J9>=80,"Disetujui",IF(J9>=60,"Disetujui bersyarat","Tinjau ulang")))
C10: =IF(B10="","",IFERROR(INDEX('Daftar Supplier'!$B$5:$B$52,MATCH(B10,'Daftar Supplier'!$A$5:$A$52,0)),"ID tidak ada")) | J10: =IF(COUNT(D10:I10)<6,"",ROUND(SUMPRODUCT(D10:I10,$D$3:$I$3)/SUM($D$3:$I$3)*20,0)) | K10: =IF(J10="","",IF(J10>=80,"Disetujui",IF(J10>=60,"Disetujui bersyarat","Tinjau ulang")))
C11: =IF(B11="","",IFERROR(INDEX('Daftar Supplier'!$B$5:$B$52,MATCH(B11,'Daftar Supplier'!$A$5:$A$52,0)),"ID tidak ada")) | J11: =IF(COUNT(D11:I11)<6,"",ROUND(SUMPRODUCT(D11:I11,$D$3:$I$3)/SUM($D$3:$I$3)*20,0)) | K11: =IF(J11="","",IF(J11>=80,"Disetujui",IF(J11>=60,"Disetujui bersyarat","Tinjau ulang")))
C12: =IF(B12="","",IFERROR(INDEX('Daftar Supplier'!$B$5:$B$52,MATCH(B12,'Daftar Supplier'!$A$5:$A$52,0)),"ID tidak ada")) | J12: =IF(COUNT(D12:I12)<6,"",ROUND(SUMPRODUCT(D12:I12,$D$3:$I$3)/SUM($D$3:$I$3)*20,0)) | K12: =IF(J12="","",IF(J12>=80,"Disetujui",IF(J12>=60,"Disetujui bersyarat","Tinjau ulang")))
C13: =IF(B13="","",IFERROR(INDEX('Daftar Supplier'!$B$5:$B$52,MATCH(B13,'Daftar Supplier'!$A$5:$A$52,0)),"ID tidak ada")) | J13: =IF(COUNT(D13:I13)<6,"",ROUND(SUMPRODUCT(D13:I13,$D$3:$I$3)/SUM($D$3:$I$3)*20,0)) | K13: =IF(J13="","",IF(J13>=80,"Disetujui",IF(J13>=60,"Disetujui bersyarat","Tinjau ulang")))
C14: =IF(B14="","",IFERROR(INDEX('Daftar Supplier'!$B$5:$B$52,MATCH(B14,'Daftar Supplier'!$A$5:$A$52,0)),"ID tidak ada")) | J14: =IF(COUNT(D14:I14)<6,"",ROUND(SUMPRODUCT(D14:I14,$D$3:$I$3)/SUM($D$3:$I$3)*20,0)) | K14: =IF(J14="","",IF(J14>=80,"Disetujui",IF(J14>=60,"Disetujui bersyarat","Tinjau ulang")))
C15: =IF(B15="","",IFERROR(INDEX('Daftar Supplier'!$B$5:$B$52,MATCH(B15,'Daftar Supplier'!$A$5:$A$52,0)),"ID tidak ada")) | J15: =IF(COUNT(D15:I15)<6,"",ROUND(SUMPRODUCT(D15:I15,$D$3:$I$3)/SUM($D$3:$I$3)*20,0)) | K15: =IF(J15="","",IF(J15>=80,"Disetujui",IF(J15>=60,"Disetujui bersyarat","Tinjau ulang")))
C16: =IF(B16="","",IFERROR(INDEX('Daftar Supplier'!$B$5:$B$52,MATCH(B16,'Daftar Supplier'!$A$5:$A$52,0)),"ID tidak ada")) | J16: =IF(COUNT(D16:I16)<6,"",ROUND(SUMPRODUCT(D16:I16,$D$3:$I$3)/SUM($D$3:$I$3)*20,0)) | K16: =IF(J16="","",IF(J16>=80,"Disetujui",IF(J16>=60,"Disetujui bersyarat","Tinjau ulang")))
... C104: =IF(B104="","",IFERROR(INDEX('Daftar Supplier'!$B$5:$B$52,MATCH(B104,'Daftar Supplier'!$A$5:$A$52,0)),"ID tidak ada")) | J104: =IF(COUNT(D104:I104)<6,"",ROUND(SUMPRODUCT(D104:I104,$D$3:$I$3)/SUM($D$3:$I$3)*20,0)) | K104: =IF(J104="","",IF(J104>=80,"Disetujui",IF(J104>=60,"Disetujui bersyarat","Tinjau ulang")))

Sheet Kuesioner Keamanan
A1: Kuesioner keamanan supplier
A2: Gunakan satu set jawaban untuk satu supplier, dan salin sheet ini jika perlu. Hasilnya dipakai untuk kriteria Kontrol keamanan informasi di sheet Evaluasi.
D3: ID supplier:
A4: No | B4: Pertanyaan | C4: Jawaban supplier | D4: Bukti | E4: Penilaian SINUX (Memadai, Kurang, Tidak ada)
A5: 1 | B5: Apakah supplier memiliki sertifikasi keamanan informasi yang masih berlaku (ISO/IEC 27001, SOC 2)? Lampirkan sertifikat dan ruang lingkupnya.
A6: 2 | B6: Di negara dan lokasi mana data SINUX atau pelanggan disimpan dan diproses?
A7: 3 | B7: Apakah supplier memakai subkontraktor atau sub-processor untuk layanan ini? Sebutkan.
A8: 4 | B8: Bagaimana kontrol akses dan MFA untuk personel supplier yang mengakses sistem atau data?
A9: 5 | B9: Apakah data di-encrypt saat in transit dan at rest? Siapa yang memegang kunci?
A10: 6 | B10: Berapa lama dan melalui kanal apa supplier memberi tahu insiden keamanan yang berdampak ke SINUX?
A11: 7 | B11: Bagaimana backup, redundansi, dan rencana kelangsungan layanan supplier? Kapan terakhir diuji?
A12: 8 | B12: Apakah SLA tertulis dan bagaimana kompensasi bila SLA tidak tercapai?
A13: 9 | B13: Apakah kontrak memuat klausul kerahasiaan, hak audit, dan kepatuhan UU PDP?
A14: 10 | B14: Bagaimana proses pengembalian dan penghapusan data saat kontrak berakhir?
A15: 11 | B15: Bagaimana vulnerability management dan patch pada platform yang dipakai SINUX?
A16: 12 | B16: Siapa kontak eskalasi teknis dan keamanan 24x7?
