Workbook

Sheet Kontrol Dokumen
A1: User Access Register & Periodic Access Review
A2: PT Strategi Integrasi Nusantara (SINUX) · Divisi Operation
A4: Nomor dokumen | B4: SNX-ISMS-REG-04
A5: Judul | B5: User Access Register & Periodic Access Review
A6: Revisi | B6: 00 (Draft)
A7: Tanggal draft | B7: 13 Oktober 2026
A8: Tanggal efektif | B8: Ditetapkan saat pengesahan
A9: Klasifikasi | B9: RESTRICTED (Internal)
A10: Pemilik dokumen | B10: Head of Operation
A11: Disetujui oleh | B11: Samuel Kristanto Utomo / President Director
A12: Acuan ISO 9001:2015 | B12: Klausul 7.1.3
A13: Acuan ISO/IEC 27001:2022 | B13: Kontrol Annex A 5.15, 5.18, 8.2
A14: Masa simpan record | B14: 3 tahun
A15: Tujuan | B15: Register hak akses pengguna ke sistem internal dan sistem pelanggan, serta catatan review akses periodik sesuai SNX-ISMS-SOP-02.
A17: Cara pakai
A18: 1. | B18: Satu baris per akun per sistem. Jangan pernah menulis password atau token di file ini.
A19: 2. | B19: Kolom Privileged, Review berikutnya, dan Cek dihitung otomatis: privileged ditinjau triwulanan, akses biasa semesteran.
A20: 3. | B20: Cek = CABUT bila personel berstatus Keluar tetapi akun masih Aktif; Cek = KEDALUWARSA bila Berlaku sampai lewat; Cek = REVIEW bila review terlambat.
A21: 4. | B21: Hasil review periodik dicatat di sheet Review Periodik; tindak lanjut maksimal 10 hari kerja.
A23: Legenda warna
B24: Sel input: diisi pengguna
B26: Sel rumus: jangan diubah
A28: Riwayat revisi
A29: Revisi | B29: Tanggal | C29: Uraian perubahan | D29: Disusun | E29: Disetujui
A30: 00 | B30: 13 Oktober 2026 | C30: Draft awal untuk review dan pengesahan | D30: Divisi Operation | E30: Menunggu
A33: Pengesahan
A34: Peran | B34: Nama dan jabatan | C34: Tanda tangan | D34: Tanggal
A35: Disusun oleh | B35: Erik Dwi Yanto / Technical/Operation Engineer L1
A36: Diperiksa oleh | B36: Fani Fatullah / VP Tech Operation and Services
A37: Disetujui oleh | B37: Samuel Kristanto Utomo / President Director

Sheet Alur Proses
A1: Diagram alur proses
A2: Kotak biru = output akhir · kotak oranye = cabang ke tindakan atau prosedur lain · garis putus-putus = kembali ke alur utama

Sheet Daftar
A1: Status personel | B1: Level | C1: MFA | D1: Status akun | E1: Keputusan
A2: Aktif | B2: Read-only | C2: Ya | D2: Aktif | E2: Tetap
A3: Mutasi | B3: Operator | C3: Tidak | D3: Dinonaktifkan | E3: Ubah
A4: Keluar | B4: Admin | C4: Tidak didukung | D4: Dicabut | E4: Cabut
A5: Vendor atau partner | B5: Privileged

Sheet Register Akses
A1: User access register
A2: Kolom abu-abu dihitung otomatis.
A4: ID | B4: Nama pengguna | C4: Peran | D4: Status personel | E4: Sistem | F4: Pelanggan | G4: Level akses | H4: Privileged | I4: MFA | J4: Ref tiket | K4: Disetujui oleh | L4: Tgl diberikan | M4: Berlaku sampai | N4: Tgl dicabut | O4: Status akun | P4: Review terakhir | Q4: Review berikutnya | R4: Cek | S4: Catatan
H5: =IF(G5="","",IF(OR(G5="Admin",G5="Privileged"),"Ya","Tidak")) | Q5: =IF(P5="","",EDATE(P5,IF(H5="Ya",3,6))) | R5: =IF(A5="","",IF(AND(D5="Keluar",O5="Aktif"),"CABUT",IF(AND(M5<>"",M5<TODAY(),O5="Aktif"),"KEDALUWARSA",IF(AND(Q5<>"",Q5<TODAY(),O5="Aktif"),"REVIEW","OK"))))
H6: =IF(G6="","",IF(OR(G6="Admin",G6="Privileged"),"Ya","Tidak")) | Q6: =IF(P6="","",EDATE(P6,IF(H6="Ya",3,6))) | R6: =IF(A6="","",IF(AND(D6="Keluar",O6="Aktif"),"CABUT",IF(AND(M6<>"",M6<TODAY(),O6="Aktif"),"KEDALUWARSA",IF(AND(Q6<>"",Q6<TODAY(),O6="Aktif"),"REVIEW","OK"))))
H7: =IF(G7="","",IF(OR(G7="Admin",G7="Privileged"),"Ya","Tidak")) | Q7: =IF(P7="","",EDATE(P7,IF(H7="Ya",3,6))) | R7: =IF(A7="","",IF(AND(D7="Keluar",O7="Aktif"),"CABUT",IF(AND(M7<>"",M7<TODAY(),O7="Aktif"),"KEDALUWARSA",IF(AND(Q7<>"",Q7<TODAY(),O7="Aktif"),"REVIEW","OK"))))
H8: =IF(G8="","",IF(OR(G8="Admin",G8="Privileged"),"Ya","Tidak")) | Q8: =IF(P8="","",EDATE(P8,IF(H8="Ya",3,6))) | R8: =IF(A8="","",IF(AND(D8="Keluar",O8="Aktif"),"CABUT",IF(AND(M8<>"",M8<TODAY(),O8="Aktif"),"KEDALUWARSA",IF(AND(Q8<>"",Q8<TODAY(),O8="Aktif"),"REVIEW","OK"))))
H9: =IF(G9="","",IF(OR(G9="Admin",G9="Privileged"),"Ya","Tidak")) | Q9: =IF(P9="","",EDATE(P9,IF(H9="Ya",3,6))) | R9: =IF(A9="","",IF(AND(D9="Keluar",O9="Aktif"),"CABUT",IF(AND(M9<>"",M9<TODAY(),O9="Aktif"),"KEDALUWARSA",IF(AND(Q9<>"",Q9<TODAY(),O9="Aktif"),"REVIEW","OK"))))
H10: =IF(G10="","",IF(OR(G10="Admin",G10="Privileged"),"Ya","Tidak")) | Q10: =IF(P10="","",EDATE(P10,IF(H10="Ya",3,6))) | R10: =IF(A10="","",IF(AND(D10="Keluar",O10="Aktif"),"CABUT",IF(AND(M10<>"",M10<TODAY(),O10="Aktif"),"KEDALUWARSA",IF(AND(Q10<>"",Q10<TODAY(),O10="Aktif"),"REVIEW","OK"))))
H11: =IF(G11="","",IF(OR(G11="Admin",G11="Privileged"),"Ya","Tidak")) | Q11: =IF(P11="","",EDATE(P11,IF(H11="Ya",3,6))) | R11: =IF(A11="","",IF(AND(D11="Keluar",O11="Aktif"),"CABUT",IF(AND(M11<>"",M11<TODAY(),O11="Aktif"),"KEDALUWARSA",IF(AND(Q11<>"",Q11<TODAY(),O11="Aktif"),"REVIEW","OK"))))
H12: =IF(G12="","",IF(OR(G12="Admin",G12="Privileged"),"Ya","Tidak")) | Q12: =IF(P12="","",EDATE(P12,IF(H12="Ya",3,6))) | R12: =IF(A12="","",IF(AND(D12="Keluar",O12="Aktif"),"CABUT",IF(AND(M12<>"",M12<TODAY(),O12="Aktif"),"KEDALUWARSA",IF(AND(Q12<>"",Q12<TODAY(),O12="Aktif"),"REVIEW","OK"))))
H13: =IF(G13="","",IF(OR(G13="Admin",G13="Privileged"),"Ya","Tidak")) | Q13: =IF(P13="","",EDATE(P13,IF(H13="Ya",3,6))) | R13: =IF(A13="","",IF(AND(D13="Keluar",O13="Aktif"),"CABUT",IF(AND(M13<>"",M13<TODAY(),O13="Aktif"),"KEDALUWARSA",IF(AND(Q13<>"",Q13<TODAY(),O13="Aktif"),"REVIEW","OK"))))
H14: =IF(G14="","",IF(OR(G14="Admin",G14="Privileged"),"Ya","Tidak")) | Q14: =IF(P14="","",EDATE(P14,IF(H14="Ya",3,6))) | R14: =IF(A14="","",IF(AND(D14="Keluar",O14="Aktif"),"CABUT",IF(AND(M14<>"",M14<TODAY(),O14="Aktif"),"KEDALUWARSA",IF(AND(Q14<>"",Q14<TODAY(),O14="Aktif"),"REVIEW","OK"))))
H15: =IF(G15="","",IF(OR(G15="Admin",G15="Privileged"),"Ya","Tidak")) | Q15: =IF(P15="","",EDATE(P15,IF(H15="Ya",3,6))) | R15: =IF(A15="","",IF(AND(D15="Keluar",O15="Aktif"),"CABUT",IF(AND(M15<>"",M15<TODAY(),O15="Aktif"),"KEDALUWARSA",IF(AND(Q15<>"",Q15<TODAY(),O15="Aktif"),"REVIEW","OK"))))
H16: =IF(G16="","",IF(OR(G16="Admin",G16="Privileged"),"Ya","Tidak")) | Q16: =IF(P16="","",EDATE(P16,IF(H16="Ya",3,6))) | R16: =IF(A16="","",IF(AND(D16="Keluar",O16="Aktif"),"CABUT",IF(AND(M16<>"",M16<TODAY(),O16="Aktif"),"KEDALUWARSA",IF(AND(Q16<>"",Q16<TODAY(),O16="Aktif"),"REVIEW","OK"))))
... H256: =IF(G256="","",IF(OR(G256="Admin",G256="Privileged"),"Ya","Tidak")) | Q256: =IF(P256="","",EDATE(P256,IF(H256="Ya",3,6))) | R256: =IF(A256="","",IF(AND(D256="Keluar",O256="Aktif"),"CABUT",IF(AND(M256<>"",M256<TODAY(),O256="Aktif"),"KEDALUWARSA",IF(AND(Q256<>"",Q256<TODAY(),O256="Aktif"),"REVIEW","OK"))))

Sheet Review Periodik
A1: Periodic access review
A2: Satu baris per akun yang ditinjau. Setelah review, perbarui kolom Review terakhir di Register Akses.
A4: Periode review | B4: Sistem | C4: ID akun | D4: Nama pengguna | E4: Level akses | F4: Reviewer (pemilik sistem) | G4: Keputusan | H4: Alasan | I4: Tgl review | J4: Tindak lanjut selesai | K4: Pelaksana tindak lanjut | L4: Status
L5: =IF(G5="","",IF(G5="Tetap","Selesai",IF(J5="","Terbuka","Selesai")))
L6: =IF(G6="","",IF(G6="Tetap","Selesai",IF(J6="","Terbuka","Selesai")))
L7: =IF(G7="","",IF(G7="Tetap","Selesai",IF(J7="","Terbuka","Selesai")))
L8: =IF(G8="","",IF(G8="Tetap","Selesai",IF(J8="","Terbuka","Selesai")))
L9: =IF(G9="","",IF(G9="Tetap","Selesai",IF(J9="","Terbuka","Selesai")))
L10: =IF(G10="","",IF(G10="Tetap","Selesai",IF(J10="","Terbuka","Selesai")))
L11: =IF(G11="","",IF(G11="Tetap","Selesai",IF(J11="","Terbuka","Selesai")))
L12: =IF(G12="","",IF(G12="Tetap","Selesai",IF(J12="","Terbuka","Selesai")))
L13: =IF(G13="","",IF(G13="Tetap","Selesai",IF(J13="","Terbuka","Selesai")))
L14: =IF(G14="","",IF(G14="Tetap","Selesai",IF(J14="","Terbuka","Selesai")))
L15: =IF(G15="","",IF(G15="Tetap","Selesai",IF(J15="","Terbuka","Selesai")))
L16: =IF(G16="","",IF(G16="Tetap","Selesai",IF(J16="","Terbuka","Selesai")))
... L205: =IF(G205="","",IF(G205="Tetap","Selesai",IF(J205="","Terbuka","Selesai")))

Sheet Ringkasan
A1: Ringkasan akses
A3: Akun aktif | B3: =COUNTIF('Register Akses'!$O$5:$O$256,"Aktif")
A4: Akun privileged aktif | B4: =COUNTIFS('Register Akses'!$H$5:$H$256,"Ya",'Register Akses'!$O$5:$O$256,"Aktif")
A5: Akun aktif tanpa MFA | B5: =COUNTIFS('Register Akses'!$I$5:$I$256,"Tidak",'Register Akses'!$O$5:$O$256,"Aktif")
A6: Harus dicabut (personel keluar) | B6: =COUNTIF('Register Akses'!$R$5:$R$256,"CABUT")
A7: Kedaluwarsa masih aktif | B7: =COUNTIF('Register Akses'!$R$5:$R$256,"KEDALUWARSA")
A8: Review terlambat | B8: =COUNTIF('Register Akses'!$R$5:$R$256,"REVIEW")
A9: Temuan review terbuka | B9: =COUNTIF('Review Periodik'!$L$5:$L$205,"Terbuka")
